date,lhd,CO ppm,NO pphm,NO2 pphm,OZONE pphm,PM10 µg/m³,SO2 pphm,"asthma edh [f] [rate per 100,000]","asthma edh [m] [rate per 100,000]"
2014-07,Hunter New England,0.2,1.22,1.14,1.5,15.6,0.12,45.3,32.3
2014-08,Hunter New England,0.2,0.72,0.94,1.9,14.875,0.1399999999999999,49.4,42.6
2014-09,Hunter New England,0.2,0.6,0.8800000000000001,1.9666666666666668,16.4,0.12,36.0,26.7
2014-10,Hunter New England,0.3,0.42,0.82,2.333333333333333,23.775,0.14,34.4,31.2
2014-11,Hunter New England,0.2,0.24,0.62,2.433333333333333,24.75,0.1399999999999999,24.7,25.9
2014-12,Hunter New England,0.2,0.22,0.58,2.1333333333333333,19.8,0.12,24.8,29.4
2015-01,Hunter New England,0.2,0.18,0.54,1.8333333333333333,17.45,0.1399999999999999,26.5,20.9
2015-03,Hunter New England,0.2199999999999999,0.44,0.78,1.9333333333333331,23.1,0.16,34.4,40.6
2015-04,Hunter New England,0.3,0.42,0.76,1.6,14.2,0.12,35.5,41.3
2015-05,Hunter New England,0.4,0.76,0.96,1.2,16.825,0.12,53.2,62.9
2015-07,Hunter New England,0.4,1.24,1.06,1.2666666666666666,14.125,0.12,48.3,45.3
2015-08,Hunter New England,0.4,0.82,1.04,1.3666666666666665,17.6,0.1,54.2,45.9
2015-09,Hunter New England,0.4,0.58,0.8800000000000001,1.866666666666667,15.4,0.12,36.4,31.0
2015-10,Hunter New England,0.5,0.42,0.8400000000000001,2.2333333333333334,21.35,0.14,33.8,33.9
2015-11,Hunter New England,0.5,0.26,0.64,2.266666666666667,20.175,0.14,33.7,37.5
2015-12,Hunter New England,0.5,0.26,0.5199999999999999,1.7666666666666666,19.975,0.1399999999999999,41.0,38.0
2016-02,Hunter New England,0.4,0.3399999999999999,0.5599999999999999,1.8333333333333333,21.375,0.18,35.0,43.8
2016-03,Hunter New England,0.1,0.52,0.6799999999999999,1.4333333333333331,18.2,0.18,34.3,36.2
2016-04,Hunter New England,0.2,0.78,0.9,1.5333333333333332,20.325,0.16,36.6,33.5
2016-05,Hunter New England,0.2,0.96,1.14,1.3333333333333333,20.075,0.14,41.6,48.1
2016-06,Hunter New England,0.2,1.06,0.96,1.2666666666666666,12.4,0.14,48.9,44.1
2016-07,Hunter New England,0.2,0.8400000000000001,0.98,1.2333333333333334,13.75,0.16,42.8,37.5
2016-08,Hunter New England,0.2,1.04,1.06,1.4,16.625,0.16,51.7,34.9
2016-09,Hunter New England,0.1,0.6,0.78,1.8,13.675,0.14,37.0,38.2
2016-10,Hunter New England,0.1,0.36,0.6599999999999999,2.066666666666667,16.775,0.1,42.1,48.5
2016-11,Hunter New England,0.1,0.36,0.64,2.2666666666666666,23.15,0.14,42.9,42.4
2016-12,Hunter New England,0.1,0.26,0.6,2.333333333333333,22.575,0.2,33.5,28.7
2017-01,Hunter New England,0.1,0.24,0.5,2.1333333333333333,21.975,0.2,26.4,17.7
2017-02,Hunter New England,0.2,0.3,0.62,2.233333333333333,21.5,0.22,32.4,40.6
2017-03,Hunter New England,0.2,0.36,0.58,1.7,17.15,0.22,34.3,43.3
2017-04,Hunter New England,0.2,0.76,0.8400000000000001,1.4333333333333331,17.025,0.16,52.5,52.1
2017-08,Hunter New England,0.2,0.82,1.02,1.8,18.675,0.14,40.1,28.8
2017-09,Hunter New England,0.2,0.64,1.0,2.1333333333333333,24.4,0.12,36.4,33.7
2017-10,Hunter New England,0.3,0.32,0.6799999999999999,2.466666666666667,18.75,0.1,29.6,32.3
2017-11,Hunter New England,0.2,0.36,0.54,1.8333333333333333,14.325,0.16,26.1,32.2
2017-12,Hunter New England,0.3,0.28,0.6,2.1666666666666665,19.95,0.16,32.5,31.9
2018-02,Hunter New England,0.3,0.44,0.52,1.7,20.475,0.2,34.1,43.0
2018-03,Hunter New England,0.3,0.5,0.6199999999999999,1.8333333333333333,22.175,0.18,36.6,41.7
2018-04,Hunter New England,0.3,0.6599999999999999,0.82,1.7,21.925,0.2,31.3,33.7
2018-07,Hunter New England,0.3,1.7,1.3199999999999998,1.2666666666666666,24.1,0.16,40.1,41.0
2018-08,Hunter New England,0.2,0.8800000000000001,1.08,1.7333333333333334,21.775,0.12,35.7,37.2
2018-09,Hunter New England,0.3,0.64,0.86,1.9666666666666668,19.575,0.14,38.1,30.3
2018-10,Hunter New England,0.2,0.38,0.64,2.1666666666666665,17.2,0.12,34.2,31.2
2018-11,Hunter New England,0.2,0.3,0.58,2.1333333333333333,28.675,0.16,41.8,30.1
2018-12,Hunter New England,0.3,0.32,0.5,1.9333333333333331,21.95,0.16,34.0,30.9
2019-02,Hunter New England,0.3,0.4599999999999999,0.52,1.7333333333333334,24.375,0.2,34.7,42.5
2019-03,Hunter New England,0.3,0.4599999999999999,0.58,1.8333333333333333,23.15,0.1399999999999999,40.9,34.4
2019-04,Hunter New England,0.2199999999999999,0.8800000000000001,0.76,1.4,18.475,0.16,41.3,40.0
2019-05,Hunter New England,0.2,1.42,1.02,1.2333333333333334,18.8,0.12,53.0,40.7
2019-07,Hunter New England,0.2,1.48,1.1,1.3333333333333333,17.825,0.16,42.1,44.6
2019-08,Hunter New England,0.2,1.14,1.02,1.6666666666666667,22.675,0.18,43.8,45.4
2019-09,Hunter New England,0.1,0.56,0.78,2.033333333333333,24.375,0.18,47.2,29.6
2020-02,Hunter New England,0.2199999999999999,0.36,0.44,1.9,20.0,0.12,31.4,34.1
2020-03,Hunter New England,0.2,0.4599999999999999,0.48,1.6666666666666667,16.65,0.12,50.2,37.0
2020-04,Hunter New England,0.2,0.7171621621621622,0.7359459459459459,1.4666666666666668,19.4,0.1858108108108108,23.3,13.2
2020-05,Hunter New England,0.2,1.22,0.76,1.2,14.25,0.18,18.6,20.5
2020-06,Hunter New England,0.2,1.2200000000000002,0.86,1.2333333333333334,14.05,0.16,46.3,52.4
2020-07,Hunter New England,0.3,1.3199999999999998,0.94,1.3333333333333333,13.9,0.22,33.7,24.9
2020-08,Hunter New England,0.2,0.9,0.8800000000000001,1.5666666666666669,17.575,0.16,31.6,27.4
2020-09,Hunter New England,0.2,0.58,0.6799999999999999,2.033333333333333,17.575000000000003,0.12,20.0,24.2
2020-10,Hunter New England,0.2,0.36,0.54,2.3666666666666667,15.825,0.16,28.4,25.3
2020-11,Hunter New England,0.2,0.36,0.48,2.1,21.5,0.18,29.5,32.4
2020-12,Hunter New England,0.2,0.2,0.3,1.9,17.325000000000003,0.12,26.5,31.5
2021-01,Hunter New England,0.2,0.36,0.32,1.7,16.725,0.16,21.0,14.4
2021-02,Hunter New England,0.2,0.26,0.3,1.4666666666666668,16.85,0.12,29.1,23.8
2021-03,Hunter New England,0.2,0.32,0.38,1.6666666666666667,15.575,0.1399999999999999,42.9,37.3
2021-04,Hunter New England,0.2,0.9,0.72,1.2333333333333334,16.6,0.1399999999999999,44.7,34.7
2021-05,Hunter New England,0.2,1.26,0.8200000000000001,1.1666666666666667,14.7,0.14,53.1,53.9
2021-06,Hunter New England,0.3,1.44,0.8400000000000001,1.1,12.2,0.16,39.7,36.2
2021-08,Hunter New England,0.2,0.8800000000000001,0.86,1.5666666666666669,16.9,0.12,26.6,23.6
2021-09,Hunter New England,0.2,0.6,0.7,1.9666666666666668,16.325,0.12,18.5,11.7
2021-10,Hunter New England,0.2,0.36,0.5599999999999999,2.2333333333333334,17.175,0.12,27.7,20.1
2021-11,Hunter New England,0.2,0.24,0.44,1.9333333333333331,14.35,0.1399999999999999,24.7,27.3
2021-12,Hunter New England,0.2,0.3371621621621622,0.3959459459459459,1.9333333333333331,15.854304029304028,0.1458108108108108,23.5,23.2
2022-01,Hunter New England,0.2,0.2971621621621622,0.2959459459459459,1.5,16.85,0.0858108108108108,19.6,9.3
2022-02,Hunter New England,0.2,0.4171621621621622,0.3959459459459459,1.5666666666666669,17.375,0.1258108108108108,18.5,15.9
2022-03,Hunter New England,0.2,0.3399999999999999,0.3399999999999999,1.5,13.95,0.1399999999999999,41.5,45.1
2022-04,Hunter New England,0.2,0.6599999999999999,0.52,1.3333333333333333,12.175,0.1399999999999999,42.3,43.1
2022-05,Hunter New England,0.2,1.08,0.72,1.1,12.325,0.1399999999999999,58.3,67.2
2022-06,Hunter New England,0.2,1.16,0.8800000000000001,1.2666666666666666,13.55,0.12,61.2,53.6
2022-07,Hunter New England,0.2,0.64,0.72,1.6333333333333335,12.0,0.12,35.5,28.4
2022-08,Hunter New England,0.2,0.9,0.8200000000000001,1.5,12.5,0.12,48.4,45.9
2022-09,Hunter New England,0.2,0.4599999999999999,0.58,2.0,12.95,0.12,40.7,44.6
2022-10,Hunter New England,0.2,0.34,0.4599999999999999,2.0,12.375,0.12,44.5,47.3
2022-11,Hunter New England,0.1,0.26,0.36,1.9,14.25,0.12,30.2,33.2
2022-12,Hunter New England,0.1,0.2799999999999999,0.3,1.7273809523809522,15.05,0.1399999999999999,21.6,17.4
2023-02,Hunter New England,0.2,0.36,0.32,1.8,18.425,0.1399999999999999,28.7,38.4
2023-03,Hunter New England,0.2,0.4599999999999999,0.58,1.8666666666666665,18.55,0.16,28.5,29.7
2023-04,Hunter New England,0.2,0.72,0.54,1.4333333333333331,13.35,0.12,30.2,29.5
2023-05,Hunter New England,0.2,1.28,0.8800000000000001,1.2,16.5,0.12,39.9,44.3
2023-06,Hunter New England,0.2,1.3199999999999998,0.86,1.2666666666666666,15.55,0.12,38.7,39.1
2014-07,Illawarra Shoalhaven,0.2,0.6448763250883393,0.6939929328621908,1.95,12.05,0.0,42.1,26.7
2014-08,Illawarra Shoalhaven,0.2,0.4499999999999999,0.65,2.05,13.6,0.1,39.6,37.5
2014-09,Illawarra Shoalhaven,0.2,0.25,0.55,2.2,15.25,0.1,30.8,26.3
2014-10,Illawarra Shoalhaven,0.2,0.2,0.6000000000000001,2.45,21.45,0.1,21.1,22.9
2014-11,Illawarra Shoalhaven,0.2,0.1,0.5,2.4,23.9,0.1,29.0,26.9
2014-12,Illawarra Shoalhaven,0.2,0.1,0.4499999999999999,2.2,20.95,0.1,21.9,24.2
2015-01,Illawarra Shoalhaven,0.2,0.15,0.4,1.85,18.65,0.1,25.0,25.4
2015-03,Illawarra Shoalhaven,0.2,0.3,0.65,1.75,22.5,0.1,42.0,40.0
2015-04,Illawarra Shoalhaven,0.2,0.2,0.6000000000000001,1.7,13.65,0.1,32.8,27.3
2015-05,Illawarra Shoalhaven,0.2,0.55,0.6000000000000001,1.65,14.1,0.0,49.5,39.4
2015-07,Illawarra Shoalhaven,0.2,0.65,0.75,1.6,10.65,0.0,42.5,33.0
2015-08,Illawarra Shoalhaven,0.2,0.4,0.7,1.9,13.8,0.0,51.5,34.1
2015-09,Illawarra Shoalhaven,0.2,0.25,0.65,2.1,14.25,0.1,35.5,29.9
2015-10,Illawarra Shoalhaven,0.2,0.3,0.8,2.25,23.3,0.1,20.2,28.9
2015-11,Illawarra Shoalhaven,0.2,0.15,0.6,2.2,21.9,0.085251798561151,32.8,29.2
2015-12,Illawarra Shoalhaven,0.2,0.2,0.55,1.9,23.8,0.1,24.3,30.1
2016-02,Illawarra Shoalhaven,0.2,0.3,0.45,1.7,23.2,0.1,42.6,44.6
2016-03,Illawarra Shoalhaven,0.2,0.3,0.5,1.7444444444444445,19.8,0.1,43.8,31.8
2016-04,Illawarra Shoalhaven,0.3,0.5,0.7,1.65,21.1,0.1,42.7,30.7
2016-05,Illawarra Shoalhaven,0.2,0.5,0.75,1.9,19.95,0.0,46.1,41.7
2016-06,Illawarra Shoalhaven,0.2,0.65,0.65,1.7,10.9,0.0,48.3,37.0
2016-07,Illawarra Shoalhaven,0.2,0.4499999999999999,0.55,1.95,10.65,0.0,40.5,32.2
2016-08,Illawarra Shoalhaven,0.2,0.55,0.75,1.9,13.7,0.1,42.0,29.5
2016-09,Illawarra Shoalhaven,0.2,0.25,0.6,2.0,13.15,0.0,36.8,34.9
2016-10,Illawarra Shoalhaven,0.2,0.15,0.4,2.35,17.950000000000003,0.1,37.9,23.2
2016-11,Illawarra Shoalhaven,0.2,0.2,0.5,2.1500000000000004,24.9,0.085251798561151,31.2,27.0
2016-12,Illawarra Shoalhaven,0.2,0.15,0.5,2.3,26.8,0.1,33.2,23.3
2017-01,Illawarra Shoalhaven,0.2,0.15,0.4,2.05,27.95,0.1,25.9,20.8
2017-02,Illawarra Shoalhaven,0.2,0.15,0.45,2.1500000000000004,22.55,0.1,43.5,28.2
2017-03,Illawarra Shoalhaven,0.2,0.15,0.35,1.7000000000000002,20.3,0.1,45.1,33.0
2017-04,Illawarra Shoalhaven,0.2,0.4,0.5,1.7000000000000002,16.15,0.1,39.6,43.3
2017-08,Illawarra Shoalhaven,0.1,0.35,0.55,2.35,13.3,0.0,40.4,26.5
2017-09,Illawarra Shoalhaven,0.1,0.3,0.6,2.6,22.2,0.0,35.2,23.5
2017-10,Illawarra Shoalhaven,0.1,0.2,0.55,2.5,23.95,0.2,24.4,32.9
2017-11,Illawarra Shoalhaven,0.2,0.25,0.35,1.95,16.2,0.1,34.0,27.2
2017-12,Illawarra Shoalhaven,0.2,0.15,0.45,1.96426116838488,24.8,0.1,27.0,23.3
2018-02,Illawarra Shoalhaven,0.2,0.25,0.35,1.7000000000000002,23.200000000000003,0.1,40.8,51.2
2018-03,Illawarra Shoalhaven,0.2,0.25,0.45,1.85,24.1,0.1,31.5,39.2
2018-04,Illawarra Shoalhaven,0.2,0.4,0.6,1.9,27.05,0.1,33.3,30.6
2018-07,Illawarra Shoalhaven,0.2,0.75,0.75,1.95,19.3,0.1,31.6,26.6
2018-08,Illawarra Shoalhaven,0.1,0.3,0.65,2.3,16.25,0.1,28.5,20.0
2018-09,Illawarra Shoalhaven,0.2,0.4,0.75,2.05,18.5,0.1,29.2,27.8
2018-10,Illawarra Shoalhaven,0.2,0.25,0.5,2.25,20.4,0.1,29.8,16.4
2018-11,Illawarra Shoalhaven,0.2,0.15,0.45,2.05,24.2,0.0,20.8,23.7
2018-12,Illawarra Shoalhaven,0.2,0.1948763250883392,0.4439929328621908,2.0,26.35,0.1,36.4,29.4
2019-02,Illawarra Shoalhaven,0.2,0.25,0.4,1.7999999999999998,25.55,0.1,33.8,43.3
2019-03,Illawarra Shoalhaven,0.2,0.2,0.45,1.9,22.0,0.1,26.6,29.1
2019-04,Illawarra Shoalhaven,0.2,0.3948763250883392,0.5939929328621908,1.5499999999999998,19.335689655172413,0.1,38.6,30.9
2019-05,Illawarra Shoalhaven,0.2,0.75,0.8,1.7,20.48568965517241,0.1,38.9,38.4
2019-07,Illawarra Shoalhaven,0.2,0.65,0.65,1.85,14.4,0.0,33.4,28.0
2019-08,Illawarra Shoalhaven,0.2,0.5,0.6,2.1500000000000004,18.8,0.1,29.5,21.8
2019-09,Illawarra Shoalhaven,0.2,0.3,0.6,2.1500000000000004,18.200000000000003,0.1,22.9,24.1
2020-02,Illawarra Shoalhaven,0.2,0.15,0.35,1.85,24.15,0.1,27.4,34.5
2020-03,Illawarra Shoalhaven,0.2,0.3,0.5,1.65,18.65,0.1,43.8,39.0
2020-04,Illawarra Shoalhaven,0.1,0.25,0.65,1.75,18.05,0.0,18.0,9.4
2020-05,Illawarra Shoalhaven,0.1,0.35,0.55,1.7,12.15,0.0,13.4,7.2
2020-06,Illawarra Shoalhaven,0.2,0.5,0.65,1.65,10.35,0.1,25.8,25.7
2020-07,Illawarra Shoalhaven,0.2,0.5,0.65,1.9,12.15,0.0,19.7,17.0
2020-08,Illawarra Shoalhaven,0.2,0.4499999999999999,0.6000000000000001,2.1500000000000004,13.15,0.0,26.4,18.2
2020-09,Illawarra Shoalhaven,0.2,0.2,0.65,2.1500000000000004,21.450000000000003,0.0,22.1,17.5
2020-10,Illawarra Shoalhaven,0.2,0.15,0.5,2.3,18.25,0.1,23.2,17.7
2020-11,Illawarra Shoalhaven,0.2,0.2,0.4499999999999999,2.1500000000000004,24.950000000000003,0.1,19.2,25.4
2020-12,Illawarra Shoalhaven,0.2,0.1,0.3,1.85,19.7,0.1,19.9,21.0
2021-01,Illawarra Shoalhaven,0.2,0.15,0.3,1.65,21.8,0.1,12.4,7.1
2021-02,Illawarra Shoalhaven,0.2,0.15,0.2,1.4,19.0,0.1,22.2,19.4
2021-03,Illawarra Shoalhaven,0.2,0.2,0.25,1.7,19.0,0.1,24.9,29.6
2021-04,Illawarra Shoalhaven,0.2,0.5,0.4499999999999999,1.6,20.3,0.1,27.7,24.5
2021-05,Illawarra Shoalhaven,0.2,0.65,0.5,1.55,14.0,0.1,35.5,28.1
2021-06,Illawarra Shoalhaven,0.2,0.8,0.55,1.55,10.4,0.0,41.1,21.6
2021-08,Illawarra Shoalhaven,0.1,0.35,0.4,2.1,13.7,0.0,16.0,8.8
2021-09,Illawarra Shoalhaven,0.1,0.2,0.4,2.3,15.6,0.1,10.9,7.6
2021-10,Illawarra Shoalhaven,0.1,0.15,0.35,2.3,17.4,0.1,11.6,12.5
2021-11,Illawarra Shoalhaven,0.2,0.15,0.3,1.85,16.75,0.1,21.8,16.3
2021-12,Illawarra Shoalhaven,0.2,0.15,0.2,1.75,15.9,0.1,17.5,12.6
2022-01,Illawarra Shoalhaven,0.2,0.15,0.1,1.4,19.85,0.1,13.1,9.7
2022-02,Illawarra Shoalhaven,0.2,0.25,0.2,1.55,18.2,0.1,14.3,17.4
2022-03,Illawarra Shoalhaven,0.2,0.25,0.2,1.5,14.85,0.1,25.2,33.8
2022-04,Illawarra Shoalhaven,0.2,0.25,0.3,1.65,13.25,0.1,32.7,26.3
2022-05,Illawarra Shoalhaven,0.2,0.6000000000000001,0.4499999999999999,1.55,11.7,0.0,40.8,48.2
2022-06,Illawarra Shoalhaven,0.1,0.5,0.35,1.9,10.65,0.0,38.3,37.5
2022-07,Illawarra Shoalhaven,0.2,0.35,0.4,2.1500000000000004,11.05,0.0,21.6,17.2
2022-08,Illawarra Shoalhaven,0.1,0.3,0.4499999999999999,2.0,12.1,0.0,24.0,25.3
2022-09,Illawarra Shoalhaven,0.1,0.2,0.35,2.1500000000000004,12.45,0.0,33.0,27.3
2022-10,Illawarra Shoalhaven,0.2,0.15,0.3,2.1500000000000004,14.7,0.1,26.4,21.5
2022-11,Illawarra Shoalhaven,0.1,0.2,0.25,1.9,16.6,0.0,20.4,12.9
2022-12,Illawarra Shoalhaven,0.2,0.15,0.2,1.75,17.85,0.1,15.8,18.3
2023-02,Illawarra Shoalhaven,0.2,0.2,0.25,1.75,20.65,0.1,22.3,22.9
2023-03,Illawarra Shoalhaven,0.2,0.25,0.3,1.8,19.450000000000003,0.1,22.6,31.2
2023-04,Illawarra Shoalhaven,0.2,0.35,0.35,1.6,14.3,0.1,22.7,19.5
2023-05,Illawarra Shoalhaven,0.2,0.7,0.65,1.75,15.25,0.0,26.3,34.8
2023-06,Illawarra Shoalhaven,0.2,0.5,0.75,1.8,14.95,0.1,18.2,23.0
2014-07,Murrumbidgee,,0.1,0.4,2.1,,0.0,46.2,51.4
2014-08,Murrumbidgee,,0.0,0.3,2.3,,0.0,84.8,59.3
2014-09,Murrumbidgee,,0.0,0.4,2.2,,0.0,52.7,57.2
2014-10,Murrumbidgee,,0.0,0.5,2.3,,0.1,80.6,63.8
2014-11,Murrumbidgee,,0.0,0.3,2.3,,0.0,57.1,49.1
2014-12,Murrumbidgee,,0.0,0.3,1.93302752293578,,0.1,41.1,44.0
2015-01,Murrumbidgee,,-0.1,0.3,2.0,,0.1,22.1,25.9
2015-03,Murrumbidgee,,0.0,0.3,2.1,,0.1,45.9,57.4
2015-04,Murrumbidgee,,0.0,0.2,1.9,,0.1,52.3,45.9
2015-05,Murrumbidgee,,0.1,0.3,1.8,,0.0,58.1,62.3
2015-07,Murrumbidgee,,0.1,0.4,1.8,,0.0,61.1,61.2
2015-08,Murrumbidgee,,0.0,0.3,2.0,,0.0,69.4,56.3
2015-09,Murrumbidgee,,0.0,0.3,2.2,,0.1,58.8,55.1
2015-10,Murrumbidgee,,0.1,0.5,2.2,,0.2,80.8,89.3
2015-11,Murrumbidgee,,0.0,0.4,2.3,,0.1,61.2,66.0
2015-12,Murrumbidgee,,0.1,0.4,1.8,,0.1,38.8,28.8
2016-02,Murrumbidgee,,0.0,0.3,1.9,,0.1,48.9,53.6
2016-03,Murrumbidgee,,0.1,0.4,1.6,,0.1,44.9,58.8
2016-04,Murrumbidgee,,0.1,0.5,1.7,,0.1,44.2,49.8
2016-05,Murrumbidgee,,0.0,0.4,2.0,,0.1,55.5,64.1
2016-06,Murrumbidgee,,0.1,0.4,1.8,,0.0,72.4,37.6
2016-07,Murrumbidgee,,0.1,0.3,2.1,,0.0,69.8,51.7
2016-08,Murrumbidgee,,0.1,0.4,2.1,,0.0,65.5,64.5
2016-09,Murrumbidgee,,0.0,0.4,1.9,,0.1,71.9,62.9
2016-10,Murrumbidgee,,0.0,0.3,2.4,,0.1,75.6,105.1
2016-11,Murrumbidgee,,0.0,0.3,2.3,,0.1,87.4,93.8
2016-12,Murrumbidgee,,0.1,0.4,2.2,,0.1,60.3,60.3
2017-01,Murrumbidgee,,0.1,0.4,1.9,,0.1,50.6,37.8
2017-02,Murrumbidgee,,0.1,0.4,2.0,,0.1,38.3,32.9
2017-03,Murrumbidgee,,0.0,0.2,1.7,,0.0,46.1,48.2
2017-04,Murrumbidgee,,0.0,0.3,1.7,,0.0,45.4,47.6
2017-08,Murrumbidgee,,0.1,0.3,2.4,,0.0,70.9,56.7
2017-09,Murrumbidgee,,0.1,0.4,2.4,,0.1,65.8,51.3
2017-10,Murrumbidgee,,0.1,0.4,2.3,,0.1,69.5,71.7
2017-11,Murrumbidgee,,0.0,0.3,1.9,,0.0,51.5,72.4
2017-12,Murrumbidgee,,0.1,0.4,2.0,,0.2,41.9,35.7
2018-02,Murrumbidgee,,0.1,0.3,1.5,,0.1,33.6,42.0
2018-03,Murrumbidgee,,0.1,0.3,1.8,,0.1,50.2,33.6
2018-04,Murrumbidgee,,0.1,0.4,1.9,,0.1,41.7,32.6
2018-07,Murrumbidgee,,0.2,0.5,1.9,,0.0,60.8,45.8
2018-08,Murrumbidgee,,0.1,0.4,2.1,,0.0,64.8,38.9
2018-09,Murrumbidgee,,0.1,0.5,1.9,,0.1,69.5,49.4
2018-10,Murrumbidgee,,0.1,0.3,2.2,,0.1,57.3,42.2
2018-11,Murrumbidgee,,0.1,0.3,2.0,,0.1,68.1,48.2
2018-12,Murrumbidgee,,0.1,0.4,1.9,,0.2,37.0,38.1
2019-02,Murrumbidgee,,0.1,0.3,1.7,,0.1,42.3,43.6
2019-03,Murrumbidgee,,0.1,0.3,1.7,,0.1,58.2,36.6
2019-04,Murrumbidgee,,0.1,0.4,1.5,,0.1,66.0,42.6
2019-05,Murrumbidgee,,0.2,0.5,1.6,,0.0,58.1,45.9
2019-07,Murrumbidgee,,0.2,0.4,1.9,,0.0,60.8,49.4
2019-08,Murrumbidgee,,0.1,0.4,2.2,,0.0,58.7,51.4
2019-09,Murrumbidgee,,0.1,0.3,2.2,,0.0,69.7,50.2
2020-02,Murrumbidgee,,0.1,0.2,1.9,,0.1,39.1,28.2
2020-03,Murrumbidgee,,0.1,0.3,1.7,,0.0,47.4,38.6
2020-04,Murrumbidgee,,0.1,0.3,1.7,,0.0,29.9,16.4
2020-05,Murrumbidgee,,0.1,0.3,1.7,,0.0,31.4,13.3
2020-06,Murrumbidgee,,0.2,0.3,1.8,,0.0,34.3,35.7
2020-07,Murrumbidgee,,0.2,0.3,2.0,,0.0,43.2,30.4
2020-08,Murrumbidgee,,0.1,0.3,2.2,,0.0,43.5,20.3
2020-09,Murrumbidgee,,0.1,0.4,2.2,,0.0,32.0,24.6
2020-10,Murrumbidgee,,0.1,0.3,2.2,,0.0,91.0,82.8
2020-11,Murrumbidgee,,0.1,0.3,2.1,,0.1,62.5,51.1
2020-12,Murrumbidgee,,0.0,0.1,1.9,,0.0,51.6,42.7
2021-01,Murrumbidgee,,0.1,0.2,1.8,,0.1,30.8,19.5
2021-02,Murrumbidgee,,0.1,0.1,1.5,,0.0,41.3,27.8
2021-03,Murrumbidgee,,0.0,0.1,1.7,,0.0,45.3,40.3
2021-04,Murrumbidgee,,0.1,0.3,1.6,,0.0,52.8,40.5
2021-05,Murrumbidgee,,0.1,0.2,1.7,,0.0,58.3,36.4
2021-06,Murrumbidgee,,0.2,0.3,1.7,,0.0,55.9,42.8
2021-08,Murrumbidgee,,0.1,0.3,2.1,,0.0,63.3,36.1
2021-09,Murrumbidgee,,0.1,0.3,2.3,,0.0,36.4,19.2
2021-10,Murrumbidgee,,0.0,0.2,2.3,,0.0,50.0,48.6
2021-11,Murrumbidgee,,0.1,0.2,1.9,,0.1,50.9,51.4
2021-12,Murrumbidgee,,0.1,0.2,1.8,,0.1,48.2,51.1
2022-01,Murrumbidgee,,0.1,0.1,1.3,,0.1,33.6,20.0
2022-02,Murrumbidgee,,0.1,0.2,1.6,,0.1,32.4,24.0
2022-03,Murrumbidgee,,0.1,0.2,1.93302752293578,,0.0,38.9,32.8
2022-04,Murrumbidgee,,0.1,0.3,1.6,,0.0,61.7,43.7
2022-05,Murrumbidgee,,0.2,0.4,1.6,,0.0,68.5,75.3
2022-06,Murrumbidgee,,0.1,0.3,2.0,,0.0,63.7,37.8
2022-07,Murrumbidgee,,0.1,0.3,2.3,,0.0,62.1,48.6
2022-08,Murrumbidgee,,0.1,0.4,2.1,,0.0,73.8,65.3
2022-09,Murrumbidgee,,0.1,0.4,2.2,,0.0,79.9,69.1
2022-10,Murrumbidgee,,0.1,0.3,2.1,,0.1,99.9,83.1
2022-11,Murrumbidgee,,0.1,0.3,1.8,,0.1,73.4,93.6
2022-12,Murrumbidgee,,0.1,0.3,1.7,,0.1,54.9,43.3
2023-02,Murrumbidgee,,0.1,0.4,1.7,,0.1,38.2,38.8
2023-03,Murrumbidgee,,0.1,0.4,1.6,,0.0,44.2,34.9
2023-04,Murrumbidgee,,0.1,0.4,1.6,,0.0,59.9,46.1
2023-05,Murrumbidgee,,0.2,0.4,1.8,,0.0,80.8,43.7
2023-06,Murrumbidgee,,0.2,0.5,1.7,,0.0,54.5,43.2
2014-07,Nepean Blue Mountains,,0.3,0.55,1.6,14.965897435897435,0.0145502645502645,49.1,31.9
2014-08,Nepean Blue Mountains,,0.15,0.6,1.85,13.3,0.0,41.1,33.5
2014-09,Nepean Blue Mountains,,0.1,0.45,2.05,13.15,0.0,39.8,41.4
2014-10,Nepean Blue Mountains,,0.05,0.45,2.4,19.2,0.0,33.6,32.7
2014-11,Nepean Blue Mountains,,0.05,0.45,2.7,21.55,0.0,33.1,22.6
2014-12,Nepean Blue Mountains,,0.0,0.35,2.45,16.65,0.0,32.2,29.5
2015-01,Nepean Blue Mountains,,0.0,0.3,2.1500000000000004,14.45,0.0,24.7,20.9
2015-03,Nepean Blue Mountains,,0.1,0.5,2.0,18.7,0.0,36.0,29.2
2015-04,Nepean Blue Mountains,,0.1,0.35,1.7,10.35,0.0,37.8,29.4
2015-05,Nepean Blue Mountains,,0.3,0.5,1.35,14.35,0.0,40.4,42.9
2015-07,Nepean Blue Mountains,,0.35,0.6,1.3,11.95,0.0,38.8,29.8
2015-08,Nepean Blue Mountains,,0.1,0.5,1.65,12.9,0.0,44.0,38.1
2015-09,Nepean Blue Mountains,,0.0,0.45,2.0,13.45,0.0,25.7,29.3
2015-10,Nepean Blue Mountains,,0.0,0.5,2.3,13.05,0.05,37.2,26.8
2015-11,Nepean Blue Mountains,,0.0,0.35,2.4,17.2,0.0,25.9,25.7
2015-12,Nepean Blue Mountains,,0.1140625,0.4953125,2.1500000000000004,18.65,0.0,19.0,18.8
2016-02,Nepean Blue Mountains,,0.1,0.45,1.95,19.35,0.05,44.7,47.7
2016-03,Nepean Blue Mountains,,0.1,0.45,1.8,16.55,0.05,33.8,28.7
2016-04,Nepean Blue Mountains,,0.15,0.6,1.6,19.45,0.0,31.6,22.9
2016-05,Nepean Blue Mountains,,0.2,0.6499999999999999,1.7000000000000002,24.450000000000003,0.0,45.8,29.5
2016-06,Nepean Blue Mountains,,0.3,0.55,1.45,10.7,0.0,26.3,28.3
2016-07,Nepean Blue Mountains,,0.2,0.5,1.55,12.3,0.0,38.0,30.4
2016-08,Nepean Blue Mountains,,0.25,0.55,1.6,14.75,0.0,40.2,33.1
2016-09,Nepean Blue Mountains,,0.1,0.45,1.85,11.8,0.0,36.5,30.2
2016-10,Nepean Blue Mountains,,0.1,0.3,2.35,13.9,0.0,25.8,27.1
2016-11,Nepean Blue Mountains,,0.1928571428571428,0.5155612244897959,2.0601522842639595,18.56589743589744,0.0145502645502645,30.4,24.9
2016-12,Nepean Blue Mountains,,0.1428571428571428,0.5155612244897959,2.26015228426396,19.165897435897435,0.0645502645502645,28.3,19.9
2017-01,Nepean Blue Mountains,,0.1928571428571428,0.5155612244897959,2.1101522842639597,18.86589743589744,0.0645502645502645,23.7,14.8
2017-02,Nepean Blue Mountains,,0.1928571428571428,0.5655612244897958,2.1101522842639597,17.515897435897436,0.0645502645502645,23.4,29.2
2017-03,Nepean Blue Mountains,,0.1428571428571428,0.4655612244897958,1.8101522842639597,15.515897435897436,0.0145502645502645,39.8,32.8
2017-04,Nepean Blue Mountains,,0.1928571428571428,0.5155612244897959,1.7101522842639594,15.315897435897435,0.0145502645502645,48.8,36.8
2017-08,Nepean Blue Mountains,,0.2428571428571428,0.5655612244897958,1.91015228426396,15.865897435897436,0.0145502645502645,36.1,23.7
2017-09,Nepean Blue Mountains,,0.1928571428571428,0.5655612244897958,2.1101522842639597,18.26589743589744,0.0145502645502645,31.8,22.7
2017-10,Nepean Blue Mountains,,0.1928571428571428,0.5655612244897958,2.1101522842639597,17.915897435897435,0.0645502645502645,37.0,26.6
2017-11,Nepean Blue Mountains,,0.1928571428571428,0.5155612244897959,1.9601522842639596,15.515897435897436,0.0645502645502645,31.9,26.9
2017-12,Nepean Blue Mountains,,0.1928571428571428,0.5155612244897959,2.1101522842639597,17.465897435897435,0.0645502645502645,27.2,21.9
2018-02,Nepean Blue Mountains,,0.2428571428571428,0.5655612244897958,1.8601522842639595,19.215897435897435,0.0645502645502645,25.0,21.8
2018-03,Nepean Blue Mountains,,0.1928571428571428,0.5655612244897958,1.91015228426396,18.665897435897435,0.0145502645502645,43.7,30.7
2018-04,Nepean Blue Mountains,,0.1928571428571428,0.6155612244897959,1.91015228426396,21.06589743589744,0.0145502645502645,24.1,31.7
2018-07,Nepean Blue Mountains,,0.2928571428571428,0.6655612244897959,1.7601522842639594,17.515897435897436,0.0145502645502645,30.7,25.9
2018-08,Nepean Blue Mountains,,0.1928571428571428,0.6155612244897959,1.91015228426396,16.465897435897435,0.0145502645502645,36.7,24.0
2018-09,Nepean Blue Mountains,,0.1928571428571428,0.5655612244897958,1.9601522842639596,16.165897435897435,0.0145502645502645,33.8,24.1
2018-10,Nepean Blue Mountains,,0.1428571428571428,0.5155612244897959,2.0601522842639595,16.015897435897436,0.0645502645502645,26.4,20.0
2018-11,Nepean Blue Mountains,,0.1428571428571428,0.5155612244897959,2.0601522842639595,19.31589743589744,0.0645502645502645,31.8,20.8
2018-12,Nepean Blue Mountains,,0.1428571428571428,0.5155612244897959,2.16015228426396,19.01589743589744,0.0645502645502645,24.6,18.1
2019-02,Nepean Blue Mountains,,0.1928571428571428,0.4655612244897958,1.91015228426396,17.765897435897436,0.0645502645502645,33.5,35.8
2019-03,Nepean Blue Mountains,,0.1928571428571428,0.5155612244897959,1.8601522842639595,18.51589743589744,0.0145502645502645,37.7,38.5
2019-04,Nepean Blue Mountains,,0.1928571428571428,0.5655612244897958,1.6101522842639593,16.815897435897437,0.0145502645502645,35.7,33.4
2019-05,Nepean Blue Mountains,,0.2928571428571428,0.6155612244897959,1.5601522842639597,17.715897435897435,0.0145502645502645,47.6,34.9
2019-07,Nepean Blue Mountains,,0.2928571428571428,0.6155612244897959,1.6601522842639596,14.865897435897436,0.0145502645502645,36.6,29.9
2019-08,Nepean Blue Mountains,,0.2428571428571428,0.5655612244897958,1.91015228426396,18.665897435897435,0.0145502645502645,30.9,25.1
2019-09,Nepean Blue Mountains,,0.1928571428571428,0.5155612244897959,1.9601522842639596,16.515897435897436,0.0145502645502645,33.9,23.2
2020-02,Nepean Blue Mountains,,0.1428571428571428,0.5155612244897959,1.91015228426396,17.565897435897437,0.0645502645502645,25.1,24.2
2020-03,Nepean Blue Mountains,,0.1928571428571428,0.4155612244897959,1.7101522842639594,15.565897435897435,0.0145502645502645,40.5,37.8
2020-04,Nepean Blue Mountains,,0.1928571428571428,0.4155612244897959,1.7101522842639594,16.465897435897435,0.0145502645502645,16.6,11.5
2020-05,Nepean Blue Mountains,,0.2428571428571428,0.4655612244897958,1.6101522842639593,14.565897435897435,0.0145502645502645,12.6,15.4
2020-06,Nepean Blue Mountains,,0.2928571428571428,0.4655612244897958,1.5101522842639594,14.415897435897437,0.0145502645502645,38.9,24.7
2020-07,Nepean Blue Mountains,,0.2428571428571428,0.4655612244897958,1.6601522842639596,13.865897435897436,0.0145502645502645,16.6,21.6
2020-08,Nepean Blue Mountains,,0.1928571428571428,0.4655612244897958,1.8601522842639595,13.715897435897435,0.0145502645502645,19.1,18.6
2020-09,Nepean Blue Mountains,,0.1928571428571428,0.4655612244897958,2.0601522842639595,15.865897435897436,0.0145502645502645,18.3,14.7
2020-10,Nepean Blue Mountains,,0.1428571428571428,0.4155612244897959,2.21015228426396,15.915897435897437,0.0145502645502645,23.0,16.1
2020-11,Nepean Blue Mountains,,0.1428571428571428,0.4155612244897959,2.0601522842639595,17.865897435897438,0.0645502645502645,20.2,22.2
2020-12,Nepean Blue Mountains,,0.1428571428571428,0.3655612244897959,1.8601522842639595,15.065897435897435,0.0145502645502645,18.8,17.8
2021-01,Nepean Blue Mountains,,0.1428571428571428,0.3655612244897959,1.8601522842639595,16.515897435897436,0.0645502645502645,9.7,11.8
2021-02,Nepean Blue Mountains,,0.1428571428571428,0.3655612244897959,1.7101522842639594,15.865897435897436,0.0145502645502645,22.5,19.0
2021-03,Nepean Blue Mountains,,0.1928571428571428,0.4155612244897959,1.7601522842639594,15.565897435897435,0.0145502645502645,32.4,16.6
2021-04,Nepean Blue Mountains,,0.1928571428571428,0.4655612244897958,1.6601522842639596,17.115897435897438,0.0145502645502645,24.9,25.0
2021-05,Nepean Blue Mountains,,0.2428571428571428,0.4655612244897958,1.5601522842639597,15.015897435897436,0.0145502645502645,32.1,31.6
2021-06,Nepean Blue Mountains,,0.2928571428571428,0.4655612244897958,1.4601522842639594,14.065897435897435,0.0145502645502645,30.8,19.8
2021-08,Nepean Blue Mountains,,0.1928571428571428,0.4155612244897959,1.7601522842639594,16.642701559608774,0.0145502645502645,14.2,7.6
2021-09,Nepean Blue Mountains,,0.1928571428571428,0.4155612244897959,1.9601522842639596,14.765897435897436,0.0145502645502645,10.2,7.4
2021-10,Nepean Blue Mountains,,0.1428571428571428,0.3655612244897959,2.0601522842639595,15.465897435897435,0.0145502645502645,12.2,10.8
2021-11,Nepean Blue Mountains,,0.1428571428571428,0.4155612244897959,1.91015228426396,14.665897435897437,0.0645502645502645,10.6,19.4
2021-12,Nepean Blue Mountains,,0.1428571428571428,0.3655612244897959,1.9601522842639596,14.965897435897435,0.0645502645502645,12.9,15.1
2022-01,Nepean Blue Mountains,,0.1428571428571428,0.3155612244897959,1.7601522842639594,15.165897435897437,0.0645502645502645,20.3,7.1
2022-02,Nepean Blue Mountains,,0.1428571428571428,0.3655612244897959,1.7101522842639594,14.665897435897437,0.0645502645502645,15.2,16.9
2022-03,Nepean Blue Mountains,,0.1928571428571428,0.3655612244897959,1.7101522842639594,13.365897435897436,0.0145502645502645,36.2,32.1
2022-04,Nepean Blue Mountains,,0.1928571428571428,0.4155612244897959,1.8200825978528097,12.715897435897435,0.0145502645502645,36.3,27.6
2022-05,Nepean Blue Mountains,,0.2428571428571428,0.4155612244897959,1.4601522842639594,12.915897435897437,0.0145502645502645,48.0,52.3
2022-06,Nepean Blue Mountains,,0.2928571428571428,0.4655612244897958,1.5601522842639597,13.815897435897435,0.0145502645502645,31.9,28.7
2022-07,Nepean Blue Mountains,,0.1928571428571428,0.4155612244897959,1.8101522842639597,12.165897435897437,0.0145502645502645,22.7,18.7
2022-08,Nepean Blue Mountains,,0.1928571428571428,0.4155612244897959,1.8101522842639597,12.965897435897435,0.0145502645502645,30.9,27.4
2022-09,Nepean Blue Mountains,,0.1428571428571428,0.4155612244897959,1.91015228426396,13.215897435897435,0.0145502645502645,31.9,23.3
2022-10,Nepean Blue Mountains,,0.1428571428571428,0.3655612244897959,1.91015228426396,13.015897435897436,0.0645502645502645,25.4,18.5
2022-11,Nepean Blue Mountains,,0.1428571428571428,0.3655612244897959,1.91015228426396,14.215897435897435,0.0145502645502645,19.4,20.8
2022-12,Nepean Blue Mountains,,0.1428571428571428,0.3655612244897959,1.91015228426396,15.415897435897437,0.0645502645502645,18.6,14.1
2023-02,Nepean Blue Mountains,,0.1928571428571428,0.3655612244897959,1.8601522842639595,16.265897435897436,0.0645502645502645,20.1,21.7
2023-03,Nepean Blue Mountains,,0.1928571428571428,0.3655612244897959,1.7601522842639594,15.265897435897436,0.0145502645502645,16.3,23.6
2023-04,Nepean Blue Mountains,,0.1928571428571428,0.3655612244897959,1.5601522842639597,13.765897435897436,0.0145502645502645,29.0,30.3
2023-05,Nepean Blue Mountains,,0.2928571428571428,0.4655612244897958,1.5601522842639597,14.165897435897437,0.0145502645502645,33.0,25.0
2023-06,Nepean Blue Mountains,,0.2928571428571428,0.4655612244897958,1.5101522842639594,14.415897435897437,0.0145502645502645,30.0,27.0
2014-07,Northern Sydney,,0.5,1.1,1.5,10.7,0.0,18.2,24.6
2014-08,Northern Sydney,,0.5,1.1,1.6,12.1,0.0,21.3,24.0
2014-09,Northern Sydney,,0.1,0.8,2.0,12.1,0.0,18.0,18.3
2014-10,Northern Sydney,,0.1,0.7,2.3,18.6,0.1,14.9,17.8
2014-11,Northern Sydney,,0.1,0.5,2.4,18.6,0.0,11.7,17.6
2014-12,Northern Sydney,,0.0,0.4,2.0,17.5,0.1,14.8,22.3
2015-01,Northern Sydney,,0.0,0.4,1.9,14.3,0.0,10.7,13.5
2015-03,Northern Sydney,,0.3,0.7,1.7,15.0,0.1,29.6,33.5
2015-04,Northern Sydney,,0.2,0.7,1.5,11.4,0.0,23.6,29.5
2015-05,Northern Sydney,,0.6,0.9,1.2,13.0,0.0,23.2,29.5
2015-07,Northern Sydney,,0.9,1.1,1.2,10.4,0.0,15.7,18.0
2015-08,Northern Sydney,,0.3,1.0,1.5,12.2,0.0,18.3,22.3
2015-09,Northern Sydney,,0.2,0.9,1.9,12.8,0.1,14.1,16.9
2015-10,Northern Sydney,,0.1,0.6,2.4,17.9,0.1,15.8,19.0
2015-11,Northern Sydney,,0.1,0.5,2.3,18.2,0.1,15.1,22.9
2015-12,Northern Sydney,,0.2,0.5,1.8,18.4,0.1,16.4,19.1
2016-02,Northern Sydney,,0.3,0.5,1.7,18.7,0.1,20.9,28.9
2016-03,Northern Sydney,,0.3,0.6,1.4,15.6,0.1,20.1,28.7
2016-04,Northern Sydney,,0.5,0.8,1.4,17.8,0.1,14.0,20.5
2016-05,Northern Sydney,,0.5,1.0,1.4,18.3,0.1,25.9,27.4
2016-06,Northern Sydney,,0.6,0.9,1.4,9.6,0.0,21.0,23.8
2016-07,Northern Sydney,,0.5,0.9,1.4,9.7,0.0,17.5,16.2
2016-08,Northern Sydney,,0.5,1.0,1.4,11.9,0.1,19.1,18.6
2016-09,Northern Sydney,,0.2,0.8,1.8,10.5,0.1,17.1,23.9
2016-10,Northern Sydney,,0.1,0.5,2.3,15.3,0.1,14.4,13.8
2016-11,Northern Sydney,,0.1,0.5,2.3,19.5,0.1,13.7,18.4
2016-12,Northern Sydney,,0.0,0.5,2.4,21.3,0.1,17.0,18.5
2017-01,Northern Sydney,,0.1,0.4,2.2,22.0,0.1,13.6,9.7
2017-02,Northern Sydney,,0.1,0.5,2.3,17.5,0.1,14.4,24.1
2017-03,Northern Sydney,,0.2,0.6,1.6,17.3,0.1,17.5,24.7
2017-04,Northern Sydney,,0.5,0.8,1.4,13.8,0.1,21.6,22.3
2017-08,Northern Sydney,,0.3,1.0,1.9,13.7,0.0,18.6,17.5
2017-09,Northern Sydney,,0.1,0.8,2.4,18.3,0.1,15.3,13.1
2017-10,Northern Sydney,,0.1,0.6,2.5,17.9,0.1,12.8,19.8
2017-11,Northern Sydney,,0.2,0.5,1.8,12.2,0.0,20.2,19.8
2017-12,Northern Sydney,,0.1,0.5,2.3,18.4,0.1,15.1,14.3
2018-02,Northern Sydney,,0.3,0.5,1.7,18.6,0.1,16.4,25.1
2018-03,Northern Sydney,,0.2,0.6,1.8,20.9,0.1,17.4,23.1
2018-04,Northern Sydney,,0.3,0.7,2.0,21.2,0.1,12.1,12.9
2018-07,Northern Sydney,,0.5,1.2,1.6,16.2,0.1,12.1,13.4
2018-08,Northern Sydney,,0.3,1.0,1.9,16.2,0.1,11.5,12.1
2018-09,Northern Sydney,,0.3,0.9,2.0,15.8,0.1,14.3,15.8
2018-10,Northern Sydney,,0.1,0.6,2.1,15.8,0.1,14.2,16.8
2018-11,Northern Sydney,,0.2,0.6,2.1,21.5,0.1,14.6,13.3
2018-12,Northern Sydney,,0.1,0.4,2.1,20.6,0.1,11.0,17.4
2019-02,Northern Sydney,,0.2,0.5,1.8,18.7,0.1,20.9,25.3
2019-03,Northern Sydney,,0.3,0.7,1.7,19.7,0.1,18.5,23.2
2019-04,Northern Sydney,,0.4,0.9,1.4,17.1,0.1,20.0,25.1
2019-05,Northern Sydney,,0.5,1.0,1.4,16.4,0.1,21.6,26.5
2019-07,Northern Sydney,,0.6201058201058202,0.8883597883597883,1.6241025641025642,15.739175257731956,0.0732984293193717,14.5,12.5
2019-08,Northern Sydney,,0.6201058201058202,0.8883597883597883,1.6241025641025642,15.739175257731956,0.0732984293193717,14.7,21.2
2019-09,Northern Sydney,,0.6201058201058202,0.8883597883597883,1.6241025641025642,15.739175257731956,0.0732984293193717,14.1,15.3
2020-02,Northern Sydney,,0.6201058201058202,0.8883597883597883,1.6241025641025642,15.739175257731956,0.0732984293193717,15.7,18.9
2020-03,Northern Sydney,,0.6201058201058202,0.8883597883597883,1.6241025641025642,15.739175257731956,0.0732984293193717,18.8,20.2
2020-04,Northern Sydney,,0.6201058201058202,0.8883597883597883,1.6241025641025642,15.739175257731956,0.0732984293193717,6.0,5.8
2020-05,Northern Sydney,,0.6201058201058202,0.8883597883597883,1.6241025641025642,15.739175257731956,0.0732984293193717,5.4,8.0
2020-06,Northern Sydney,,0.6201058201058202,0.8883597883597883,1.6241025641025642,15.739175257731956,0.0732984293193717,7.4,15.9
2020-07,Northern Sydney,,0.6201058201058202,0.8883597883597883,1.6241025641025642,15.739175257731956,0.0732984293193717,10.8,8.7
2020-08,Northern Sydney,,0.6201058201058202,0.8883597883597883,1.6241025641025642,15.739175257731956,0.0732984293193717,11.0,12.9
2020-09,Northern Sydney,,0.6201058201058202,0.8883597883597883,1.6241025641025642,15.739175257731956,0.0732984293193717,7.7,6.9
2020-10,Northern Sydney,,0.6201058201058202,0.8883597883597883,1.6241025641025642,15.739175257731956,0.0732984293193717,8.2,10.9
2020-11,Northern Sydney,,0.6201058201058202,0.8883597883597883,1.6241025641025642,15.739175257731956,0.0732984293193717,10.4,14.6
2020-12,Northern Sydney,,0.6201058201058202,0.8883597883597883,1.6241025641025642,15.739175257731956,0.0732984293193717,9.2,11.6
2021-01,Northern Sydney,,0.6201058201058202,0.8883597883597883,1.6241025641025642,15.739175257731956,0.0732984293193717,7.1,3.9
2021-02,Northern Sydney,,0.6201058201058202,0.8883597883597883,1.6241025641025642,15.739175257731956,0.0732984293193717,13.1,14.8
2021-03,Northern Sydney,,0.6201058201058202,0.8883597883597883,1.6241025641025642,15.739175257731956,0.0732984293193717,7.7,12.0
2021-04,Northern Sydney,,0.6201058201058202,0.8883597883597883,1.6241025641025642,15.739175257731956,0.0732984293193717,14.2,17.1
2021-05,Northern Sydney,,0.6201058201058202,0.8883597883597883,1.6241025641025642,15.739175257731956,0.0732984293193717,15.7,18.8
2021-06,Northern Sydney,,0.6201058201058202,0.8883597883597883,1.6241025641025642,15.739175257731956,0.0732984293193717,15.0,14.8
2021-08,Northern Sydney,,0.6201058201058202,0.8883597883597883,1.6241025641025642,15.739175257731956,0.0732984293193717,7.7,5.5
2021-09,Northern Sydney,,0.6201058201058202,0.8883597883597883,1.6241025641025642,15.739175257731956,0.0732984293193717,4.6,2.8
2021-10,Northern Sydney,,0.6201058201058202,0.8883597883597883,1.6241025641025642,15.739175257731956,0.0732984293193717,6.4,5.6
2021-11,Northern Sydney,,0.6201058201058202,0.8883597883597883,1.6241025641025642,15.739175257731956,0.0732984293193717,5.6,9.1
2021-12,Northern Sydney,,0.6201058201058202,0.8883597883597883,1.6241025641025642,15.739175257731956,0.0732984293193717,7.2,4.5
2022-01,Northern Sydney,,0.6201058201058202,0.8883597883597883,1.6241025641025642,15.739175257731956,0.0732984293193717,6.2,4.2
2022-02,Northern Sydney,,0.6201058201058202,0.8883597883597883,1.6241025641025642,15.739175257731956,0.0732984293193717,7.4,11.0
2022-03,Northern Sydney,,0.6201058201058202,0.8883597883597883,1.6241025641025642,15.739175257731956,0.0732984293193717,13.2,15.0
2022-04,Northern Sydney,,0.6201058201058202,0.8883597883597883,1.6241025641025642,15.739175257731956,0.0732984293193717,16.1,19.3
2022-05,Northern Sydney,,0.6201058201058202,0.8883597883597883,1.6241025641025642,15.739175257731956,0.0732984293193717,24.2,30.3
2022-06,Northern Sydney,,0.6201058201058202,0.8883597883597883,1.6241025641025642,15.739175257731956,0.0732984293193717,12.8,14.8
2022-07,Northern Sydney,,0.6201058201058202,0.8883597883597883,1.6241025641025642,15.739175257731956,0.0732984293193717,12.5,9.4
2022-08,Northern Sydney,,0.6201058201058202,0.8883597883597883,1.6241025641025642,15.739175257731956,0.0732984293193717,17.4,18.4
2022-09,Northern Sydney,,0.6201058201058202,0.8883597883597883,1.6241025641025642,15.739175257731956,0.0732984293193717,16.9,15.4
2022-10,Northern Sydney,,0.6201058201058202,0.8883597883597883,1.6241025641025642,15.739175257731956,0.0732984293193717,11.4,15.9
2022-11,Northern Sydney,,0.6201058201058202,0.8883597883597883,1.6241025641025642,15.739175257731956,0.0732984293193717,12.0,9.5
2022-12,Northern Sydney,,0.6201058201058202,0.8883597883597883,1.6241025641025642,15.739175257731956,0.0732984293193717,11.8,10.4
2023-02,Northern Sydney,,0.6201058201058202,0.8883597883597883,1.6241025641025642,15.739175257731956,0.0732984293193717,12.6,19.2
2023-03,Northern Sydney,,0.6201058201058202,0.8883597883597883,1.6241025641025642,15.739175257731956,0.0732984293193717,9.1,17.8
2023-04,Northern Sydney,,0.6201058201058202,0.8883597883597883,1.6241025641025642,15.739175257731956,0.0732984293193717,9.8,11.7
2023-05,Northern Sydney,,0.6201058201058202,0.8883597883597883,1.6241025641025642,15.739175257731956,0.0732984293193717,15.9,14.8
2023-06,Northern Sydney,,0.6201058201058202,0.8883597883597883,1.6241025641025642,15.739175257731956,0.0732984293193717,8.7,12.4
2014-07,South Eastern Sydney,,1.4,1.1,1.4,14.4,0.1,24.7,19.8
2014-08,South Eastern Sydney,,1.1,0.8,1.9,14.1,0.1,27.6,21.5
2014-09,South Eastern Sydney,,0.6,0.7,2.1,14.3,0.1,22.6,18.3
2014-10,South Eastern Sydney,,0.4,0.4,2.5,21.2,0.1,15.9,20.1
2014-11,South Eastern Sydney,,0.3,0.2,2.5,23.1,0.1,21.1,21.1
2014-12,South Eastern Sydney,,0.7965277777777777,0.8065972222222223,2.7,22.7,0.1,24.0,30.8
2015-01,South Eastern Sydney,,0.1,0.3,2.2,20.8,0.1,12.2,13.7
2015-03,South Eastern Sydney,,0.4,0.7,2.1,24.2,0.1,26.2,36.8
2015-04,South Eastern Sydney,,0.6,0.8,1.8,16.8,0.1,24.5,26.0
2015-05,South Eastern Sydney,,1.3,1.2,1.3,19.3,0.1,28.8,37.9
2015-07,South Eastern Sydney,,1.5,1.4,1.3,13.1,0.1,26.7,28.0
2015-08,South Eastern Sydney,,0.7,1.3,1.6,14.1,0.1,24.4,24.5
2015-09,South Eastern Sydney,,0.4,0.8,2.2,14.8,0.1,15.8,19.5
2015-10,South Eastern Sydney,,0.2,0.7,2.7,21.7,0.1,17.0,20.1
2015-11,South Eastern Sydney,,0.2,0.5,2.5,20.9,0.1,19.4,26.9
2015-12,South Eastern Sydney,,0.1,0.4,2.1,21.8,0.0,13.0,16.9
2016-02,South Eastern Sydney,,0.3,0.4,2.0,21.4,0.1,26.5,26.0
2016-03,South Eastern Sydney,,0.3,0.6,1.7,17.7,0.1,21.8,25.5
2016-04,South Eastern Sydney,,0.7,0.9,1.9,20.0,0.1,21.6,21.6
2016-05,South Eastern Sydney,,1.0,1.6,1.3,19.5,0.1,26.5,27.0
2016-06,South Eastern Sydney,,0.9,1.2,1.3,11.7,0.1,23.2,23.6
2016-07,South Eastern Sydney,,0.9,1.3,1.4,11.8,0.1,16.3,19.0
2016-08,South Eastern Sydney,,1.0,1.1,1.7,14.8,0.1,23.6,23.4
2016-09,South Eastern Sydney,,0.4,0.8,2.0,12.4,0.1,21.8,18.8
2016-10,South Eastern Sydney,,0.3,0.6,2.4,16.6,0.1,15.9,15.7
2016-11,South Eastern Sydney,,0.2,0.3,2.5,22.5,0.1,16.1,19.2
2016-12,South Eastern Sydney,,0.1,0.4,2.6,25.3,0.1,17.4,20.4
2017-01,South Eastern Sydney,,0.1,0.3,2.3,25.6,0.1,13.6,13.8
2017-02,South Eastern Sydney,,0.1,0.3,2.6,22.0,0.1,20.7,31.7
2017-03,South Eastern Sydney,,0.2,0.3,2.2,20.8,0.1,24.0,28.3
2017-04,South Eastern Sydney,,0.8,0.7,1.9,16.2,0.1,22.6,27.8
2017-08,South Eastern Sydney,,0.5,1.0,2.0,16.6,0.1,22.5,17.3
2017-09,South Eastern Sydney,,0.4,0.9,2.4,21.0,0.1,15.8,17.6
2017-10,South Eastern Sydney,,0.2,0.4,2.8,21.7,0.1,16.2,18.5
2017-11,South Eastern Sydney,,0.2,0.2,2.3,15.6,0.1,14.5,16.3
2017-12,South Eastern Sydney,,0.1,0.3,2.5,23.7,0.1,14.2,18.3
2018-02,South Eastern Sydney,,0.2,0.2,2.1,22.3,0.1,20.0,24.4
2018-03,South Eastern Sydney,,0.3,0.4,2.3,24.3,0.1,15.2,24.3
2018-04,South Eastern Sydney,,0.4,0.6,2.2,24.0,0.1,20.9,20.4
2018-07,South Eastern Sydney,,1.1,1.4,1.6,19.2,0.1,24.4,17.2
2018-08,South Eastern Sydney,,0.6,1.0,2.0,18.3,0.1,19.7,16.4
2018-09,South Eastern Sydney,,0.5,0.7,2.4,18.5,0.1,17.4,16.0
2018-10,South Eastern Sydney,,0.1,0.4,2.5,19.6,0.1,15.7,21.5
2018-11,South Eastern Sydney,,0.2,0.4,2.3,25.4,0.1,19.2,22.9
2018-12,South Eastern Sydney,,0.1,0.2,2.3,24.4,0.1,17.8,15.4
2019-02,South Eastern Sydney,,0.2,0.3,2.0,23.6,0.1,19.9,25.7
2019-03,South Eastern Sydney,,0.4,0.5,2.0,22.9,0.1,23.0,22.0
2019-04,South Eastern Sydney,,0.8,0.7,1.8,20.6,0.1,22.8,21.8
2019-05,South Eastern Sydney,,1.1,1.2,1.4,19.0,0.1,24.3,24.5
2019-07,South Eastern Sydney,,1.0,1.1,1.5,15.2,0.1,21.9,19.4
2019-08,South Eastern Sydney,,0.7,1.0,1.9,17.9,0.1,24.5,23.3
2019-09,South Eastern Sydney,,0.3,0.6,2.3,19.6,0.1,19.2,19.1
2020-02,South Eastern Sydney,,0.1,0.2,2.3,23.5,0.1,19.8,18.4
2020-03,South Eastern Sydney,,0.4,0.4,2.0,18.8,0.1,21.5,23.4
2020-04,South Eastern Sydney,,0.3,0.6,2.0,18.4,0.1,9.2,8.3
2020-05,South Eastern Sydney,,0.7,0.7,1.6,13.4,0.1,10.1,7.3
2020-06,South Eastern Sydney,,0.8,1.0,1.4,13.7,0.1,20.0,17.2
2020-07,South Eastern Sydney,,0.8,1.0,1.6,14.3,0.1,12.2,11.5
2020-08,South Eastern Sydney,,0.6,0.8,1.8,14.5,0.1,11.4,14.5
2020-09,South Eastern Sydney,,0.2,0.5,2.4,17.1,0.1,12.2,10.9
2020-10,South Eastern Sydney,,0.1,0.3,2.7,17.6,0.1,11.0,11.1
2020-11,South Eastern Sydney,,0.1,0.2,2.4,21.7,0.1,14.6,16.0
2020-12,South Eastern Sydney,,0.1,0.2,2.1,19.4,0.1,12.1,12.9
2021-01,South Eastern Sydney,,0.1,0.1,2.0,20.6,0.1,8.9,9.6
2021-02,South Eastern Sydney,,0.2,0.2,1.7,19.3,0.1,18.7,14.4
2021-03,South Eastern Sydney,,0.2,0.3,2.1,19.3,0.1,15.5,18.9
2021-04,South Eastern Sydney,,0.6,0.7,1.8,17.8,0.1,17.0,19.4
2021-05,South Eastern Sydney,,0.7,0.8,1.6,15.4,0.1,23.7,19.8
2021-06,South Eastern Sydney,,1.2,1.1,1.3,12.5,0.1,22.2,16.4
2021-08,South Eastern Sydney,,0.3,0.7,2.1,14.4,0.1,8.5,7.8
2021-09,South Eastern Sydney,,0.2,0.5,2.4,15.4,0.1,6.6,4.2
2021-10,South Eastern Sydney,,0.1,0.4,2.6,17.4,0.1,8.5,3.8
2021-11,South Eastern Sydney,,0.1,0.2,2.3,16.0,0.1,8.6,8.6
2021-12,South Eastern Sydney,,0.1,0.2,2.0,15.6,0.1,10.5,10.8
2022-01,South Eastern Sydney,,0.0,0.1,1.8,19.8,0.0,9.7,7.0
2022-02,South Eastern Sydney,,0.1,0.4,1.8,20.5,0.1,9.4,10.1
2022-03,South Eastern Sydney,,0.2,0.4,1.8,16.3,0.1,20.4,22.8
2022-04,South Eastern Sydney,,0.5,0.7,1.7,13.5,0.1,26.8,24.2
2022-05,South Eastern Sydney,,0.7,1.1,1.4,11.9,0.1,30.7,31.9
2022-06,South Eastern Sydney,,0.7,1.3,1.3,11.2,0.1,28.8,16.5
2022-07,South Eastern Sydney,,0.5,1.0,1.9,13.0,0.1,16.4,14.0
2022-08,South Eastern Sydney,,0.3,0.9,1.9,10.4,0.1,29.7,20.2
2022-09,South Eastern Sydney,,0.2,0.6,2.4,13.4,0.1,20.7,18.6
2022-10,South Eastern Sydney,,0.1,0.4,2.4,14.3,0.1,17.8,14.9
2022-11,South Eastern Sydney,,0.1,0.4,2.1,14.2,0.1,15.7,15.0
2022-12,South Eastern Sydney,,0.1,0.3,2.0,17.1,0.1,12.8,12.9
2023-02,South Eastern Sydney,,0.1,0.3,1.9,19.2,0.1,19.6,21.8
2023-03,South Eastern Sydney,,0.3,0.6,2.0,18.1,0.1,15.9,17.8
2023-04,South Eastern Sydney,,0.5,0.7,1.6,14.3,0.1,22.3,16.6
2023-05,South Eastern Sydney,,0.9,1.2,1.3,13.6,0.1,23.6,19.3
2023-06,South Eastern Sydney,,0.8,1.2,1.5,12.5,0.1,12.5,13.8
2014-07,South Western Sydney,0.45,1.2200000000000002,0.8400000000000001,1.66,14.675,0.0333333333333333,28.1,27.4
2014-08,South Western Sydney,0.3,0.5599999999999999,0.8,1.9,13.1,0.0,32.2,25.3
2014-09,South Western Sydney,0.3,0.4,0.66,2.0200000000000005,14.0,0.0,23.7,25.9
2014-10,South Western Sydney,0.3,0.3199999999999999,0.66,2.34,19.975,0.0333333333333333,24.0,24.3
2014-11,South Western Sydney,0.2,0.2,0.5599999999999999,2.5,21.3,0.0333333333333333,19.9,22.9
2014-12,South Western Sydney,0.2,0.1399999999999999,0.56,2.32,18.175,0.0333333333333333,23.8,25.0
2015-01,South Western Sydney,0.2473214285714285,0.1,0.42,1.94,15.425,0.0,17.6,23.0
2015-03,South Western Sydney,0.25,0.4599999999999999,0.64,1.84,20.025,0.0333333333333333,32.6,39.2
2015-04,South Western Sydney,0.25,0.4599999999999999,0.52,1.62,11.575,0.0,29.4,29.8
2015-05,South Western Sydney,0.35,0.86,0.64,1.4,15.85,0.0,44.9,38.4
2015-07,South Western Sydney,0.35,1.2399999999999998,0.76,1.44,13.45,0.0333333333333333,29.7,28.5
2015-08,South Western Sydney,0.3,0.74,0.78,1.72,13.95,0.0333333333333333,31.3,30.1
2015-09,South Western Sydney,0.25,0.44,0.72,1.98,13.8,0.0333333333333333,29.7,26.7
2015-10,South Western Sydney,0.2973214285714285,0.42,0.8400000000000001,2.3,20.525,0.0333333333333333,22.5,31.2
2015-11,South Western Sydney,0.25,0.26,0.64,2.26,18.725,0.0,23.4,29.5
2015-12,South Western Sydney,0.25,0.2599999999999999,0.62,2.1,19.175,0.0333333333333333,20.8,20.7
2016-02,South Western Sydney,0.25,0.36,0.58,1.98,19.3,0.0333333333333333,32.1,39.5
2016-03,South Western Sydney,0.3,0.42,0.64,1.7399999999999998,16.7,0.0666666666666666,35.9,34.8
2016-04,South Western Sydney,0.35,0.8800000000000001,0.8400000000000001,1.62,20.15,0.0333333333333333,23.4,28.2
2016-05,South Western Sydney,0.45,1.1,0.98,1.66,22.2,0.0333333333333333,32.0,40.8
2016-06,South Western Sydney,0.35,1.0,0.78,1.54,11.65,0.0333333333333333,33.0,33.0
2016-07,South Western Sydney,0.35,0.8400000000000001,0.74,1.66,12.05,0.0333333333333333,24.5,22.7
2016-08,South Western Sydney,0.35,1.08,0.8799999999999999,1.64,15.075,0.0333333333333333,27.8,25.1
2016-09,South Western Sydney,0.25,0.5599999999999999,0.8,1.78,12.4,0.0666666666666666,28.6,27.0
2016-10,South Western Sydney,0.2,0.36,0.54,2.18,16.15,0.0,22.4,22.1
2016-11,South Western Sydney,0.25,0.32,0.66,2.26,21.45,0.0333333333333333,23.3,22.1
2016-12,South Western Sydney,0.25,0.2,0.62,2.46,21.975,0.0333333333333333,23.8,22.4
2017-01,South Western Sydney,0.25,0.2,0.56,2.24,22.175,0.0666666666666666,16.5,15.4
2017-02,South Western Sydney,0.25,0.26,0.62,2.32,20.325,0.0333333333333333,28.3,27.7
2017-03,South Western Sydney,0.3,0.22,0.56,1.62,17.725,0.0333333333333333,28.1,27.0
2017-04,South Western Sydney,0.3,0.64,0.72,1.54,14.65,0.0333333333333333,31.8,31.6
2017-08,South Western Sydney,0.25,0.74,0.8,2.1,17.025,0.0333333333333333,25.0,19.1
2017-09,South Western Sydney,0.3,0.76,0.82,2.3200000000000003,22.5,0.0333333333333333,23.6,17.4
2017-10,South Western Sydney,0.25,0.32,0.68,2.46,20.7,0.1,21.2,19.7
2017-11,South Western Sydney,0.2,0.36,0.6,1.96,15.2,0.0,19.4,22.8
2017-12,South Western Sydney,0.3,0.24,0.6,2.46,20.375,0.1,15.2,16.4
2018-02,South Western Sydney,0.2,0.4599999999999999,0.56,1.84,21.675,0.0666666666666666,23.3,27.3
2018-03,South Western Sydney,0.25,0.4,0.62,1.96,22.625,0.0333333333333333,28.5,27.3
2018-04,South Western Sydney,0.3,0.5,0.74,2.04,26.05,0.0333333333333333,24.3,23.3
2018-07,South Western Sydney,0.45,1.46,0.98,1.8,22.525,0.0333333333333333,24.5,21.2
2018-08,South Western Sydney,0.35,0.8800000000000001,0.8400000000000001,2.02,19.375,0.0333333333333333,23.0,22.9
2018-09,South Western Sydney,0.3,0.78,0.86,2.0,17.875,0.0666666666666666,24.0,21.7
2018-10,South Western Sydney,0.2,0.3399999999999999,0.68,2.26,16.6,0.0666666666666666,18.9,23.4
2018-11,South Western Sydney,0.2235023041474654,0.4,0.66,2.14,22.175,0.0666666666666666,22.2,22.2
2018-12,South Western Sydney,0.1,0.22,0.58,2.42,21.8,0.1,20.7,19.4
2019-02,South Western Sydney,0.1,0.38,0.58,1.96,20.775,0.0333333333333333,32.9,32.6
2019-03,South Western Sydney,0.05,0.38,0.64,1.82,20.275,0.0666666666666666,27.1,29.2
2019-04,South Western Sydney,0.15,0.76,0.78,1.54,19.675,0.1,27.7,30.7
2019-05,South Western Sydney,0.2,1.34,0.92,1.52,21.5,0.0666666666666666,36.3,38.0
2019-07,South Western Sydney,0.25,1.1,0.8800000000000001,1.6800000000000002,15.625,0.0333333333333333,24.8,21.3
2019-08,South Western Sydney,0.15,0.82,0.8,2.04,18.1,0.0333333333333333,24.8,24.7
2019-09,South Western Sydney,0.15,0.5599999999999999,0.74,2.06,17.95,0.0,24.8,20.0
2020-02,South Western Sydney,0.1,0.2,0.48,2.08,19.1,0.0333333333333333,22.3,26.5
2020-03,South Western Sydney,0.05,0.5412363636363636,0.5616727272727273,1.72808362369338,16.5,0.0043580683156654,28.3,28.0
2020-04,South Western Sydney,0.15,0.7,0.6799999999999999,1.6,18.65,0.0333333333333333,13.6,7.1
2020-05,South Western Sydney,0.15,0.9,0.6599999999999999,1.52,13.95,0.0,9.3,9.5
2020-06,South Western Sydney,0.15,1.08,0.72,1.44,14.1,0.0,19.7,20.1
2020-07,South Western Sydney,0.2,1.12,0.74,1.7,14.25,0.0,15.8,14.5
2020-08,South Western Sydney,0.15,0.8,0.6599999999999999,1.98,14.375,0.0,17.8,23.4
2020-09,South Western Sydney,0.1,0.74,0.7,2.08,18.9,0.0333333333333333,13.6,16.7
2020-10,South Western Sydney,0.1,0.2799999999999999,0.4600000000000001,2.42,15.775,0.0666666666666666,17.3,11.2
2020-11,South Western Sydney,0.1,0.3399999999999999,0.4600000000000001,2.28,20.375,0.0666666666666666,14.1,19.3
2020-12,South Western Sydney,0.0,0.18,0.3199999999999999,1.9,16.975,0.0333333333333333,13.6,13.8
2021-01,South Western Sydney,0.0,0.26,0.32,2.02,16.975,0.1,11.3,8.9
2021-02,South Western Sydney,0.0,0.3,0.36,1.54,15.25,0.0333333333333333,16.7,16.5
2021-03,South Western Sydney,0.0,0.3,0.48,1.6799999999999995,15.75,0.0,23.0,19.0
2021-04,South Western Sydney,0.1,0.76,0.7,1.64,21.075,0.0333333333333333,22.0,23.3
2021-05,South Western Sydney,0.1,0.9,0.6799999999999999,1.48,14.7,0.0,31.0,26.9
2021-06,South Western Sydney,0.15,1.36,0.78,1.38,13.675,0.0333333333333333,23.8,17.5
2021-08,South Western Sydney,0.1,0.5599999999999999,0.6,1.94,14.475,0.0,8.8,4.2
2021-09,South Western Sydney,0.0,0.4599999999999999,0.5599999999999999,2.18,14.8,0.0333333333333333,6.8,5.3
2021-10,South Western Sydney,-0.05,0.3399999999999999,0.5,2.22,16.1,-0.0333333333333333,5.9,7.9
2021-11,South Western Sydney,0.0235023041474654,0.2599999999999999,0.4,1.96,14.775,0.0,16.0,17.1
2021-12,South Western Sydney,-0.1,0.2,0.36,1.98,14.125,0.0,10.8,12.0
2022-01,South Western Sydney,0.1473214285714285,0.16,0.26,1.6800000000000002,15.225,0.0,9.6,7.3
2022-02,South Western Sydney,0.1473214285714285,0.38,0.3399999999999999,1.54,15.0,0.0,18.6,20.4
2022-03,South Western Sydney,-0.1,0.36,0.3399999999999999,1.5,11.575,0.0,30.6,28.8
2022-04,South Western Sydney,0.0,0.6599999999999999,0.48,1.4600000000000002,11.9,0.0,30.1,28.0
2022-05,South Western Sydney,0.05,1.0399999999999998,0.66,1.3,11.75,0.0,39.5,42.8
2022-06,South Western Sydney,0.1,1.14,0.6,1.613125,12.85,0.0,26.9,24.8
2022-07,South Western Sydney,0.05,0.6599999999999999,0.54,1.86,9.975,0.0,27.1,16.4
2022-08,South Western Sydney,0.0,0.68,0.6,1.78,11.325,0.0,25.0,33.3
2022-09,South Western Sydney,-0.05,0.4929285714285714,0.6107857142857143,2.0200000000000005,11.525,0.0,21.2,21.1
2022-10,South Western Sydney,-0.1,0.2599999999999999,0.44,2.04,11.35,0.0,19.6,20.6
2022-11,South Western Sydney,0.0735023041474654,0.4686725663716815,0.4529203539823008,1.871931330472103,14.8357905982906,0.0264705882352941,17.2,16.4
2022-12,South Western Sydney,0.0235023041474654,0.4286725663716814,0.4529203539823008,1.8319313304721028,16.7357905982906,0.0264705882352941,14.1,13.7
2023-02,South Western Sydney,0.0735023041474654,0.4886725663716814,0.5129203539823008,1.9119313304721035,18.2107905982906,0.0264705882352941,21.0,25.4
2023-03,South Western Sydney,0.0735023041474654,0.6299089300080452,0.6145930812550281,1.771931330472103,17.5607905982906,0.0322303921568627,22.0,19.5
2023-04,South Western Sydney,0.0735023041474654,0.7286725663716814,0.6129203539823009,1.5119313304721032,14.310790598290598,0.0264705882352941,26.5,20.1
2023-05,South Western Sydney,0.1235023041474654,1.0486725663716814,0.6929203539823009,1.531931330472103,16.3607905982906,0.0264705882352941,25.5,29.0
2023-06,South Western Sydney,0.1235023041474654,1.1086725663716814,0.6729203539823009,1.591931330472103,16.3607905982906,0.0264705882352941,18.9,18.4
2014-07,Sydney,0.3,1.3,1.35,1.15,14.9,,25.9,22.6
2014-08,Sydney,0.3,1.15,1.25,1.5,14.15,,22.0,28.9
2014-09,Sydney,0.2,0.6,0.95,1.9,14.05,,20.5,15.7
2014-10,Sydney,0.2,0.9970175438596492,1.0371929824561403,2.25,21.65,,21.1,19.2
2014-11,Sydney,0.2,0.3,0.7,2.3,23.25,,21.7,19.7
2014-12,Sydney,0.2,0.25,0.7,2.1,21.1,,18.0,24.9
2015-01,Sydney,0.2,0.2,0.55,1.75,19.0,,10.9,15.1
2015-03,Sydney,0.2,0.65,0.85,1.7,21.35,,25.6,29.5
2015-04,Sydney,0.2,0.75,0.85,1.5,13.7,,17.6,24.7
2015-05,Sydney,0.3,1.8,1.1,1.05,16.75,,25.2,27.6
2015-07,Sydney,0.3,2.0,1.2,1.1,12.65,,30.5,27.2
2015-08,Sydney,0.3,0.95,1.15,1.35,13.4,,22.1,28.4
2015-09,Sydney,0.3,0.65,0.95,1.8,14.0,,18.3,17.9
2015-10,Sydney,0.3,0.55,0.95,2.15,20.5,,19.6,21.7
2015-11,Sydney,0.2,0.25,0.7,2.1500000000000004,18.85,,17.2,19.5
2015-12,Sydney,0.2,0.35,0.6499999999999999,1.65,19.9,,14.3,15.0
2016-02,Sydney,0.3,0.55,0.6000000000000001,1.6,19.85,,19.3,35.2
2016-03,Sydney,0.3,0.5,0.6000000000000001,1.35,16.1,,20.1,29.5
2016-04,Sydney,0.3,1.197017543859649,1.1371929824561402,1.2999999999999998,18.95,,21.9,21.1
2016-05,Sydney,0.4,1.8,1.65,1.15,20.9,,28.3,28.3
2016-06,Sydney,0.3,1.5,1.25,1.2000000000000002,11.75,,23.3,28.1
2016-07,Sydney,0.3,1.4500000000000002,1.25,1.2000000000000002,12.0,,23.6,24.0
2016-08,Sydney,0.3,1.5,1.4,1.2999999999999998,14.55,,23.6,20.0
2016-09,Sydney,0.2,0.55,1.1,1.5499999999999998,11.7,,21.2,19.2
2016-10,Sydney,0.2,0.35,0.8,2.05,15.75,,17.6,18.7
2016-11,Sydney,0.1,0.35,0.8500000000000001,2.0,21.7,,11.4,16.3
2016-12,Sydney,0.1,0.25,0.8500000000000001,2.1,23.5,,15.2,16.0
2017-01,Sydney,0.2,0.3,0.75,1.95,24.05,,12.2,12.6
2017-02,Sydney,0.2,0.35,0.8,2.05,20.15,,22.0,22.2
2017-03,Sydney,0.2,0.35,0.75,1.45,17.5,,27.3,26.7
2017-04,Sydney,0.2631768953068592,1.25,1.25,0.95,15.15,,25.3,26.6
2017-08,Sydney,0.2,1.2505597014925374,1.3,1.75,15.7,,17.0,16.8
2017-09,Sydney,0.2,1.200559701492537,1.35,2.0,21.6,,15.7,16.5
2017-10,Sydney,0.1,0.7005597014925373,0.95,2.3,20.200000000000003,,10.6,19.1
2017-11,Sydney,0.1,0.35,0.6499999999999999,1.8,13.4,,16.3,14.1
2017-12,Sydney,0.2,0.3,0.8,1.95,20.950000000000003,,12.1,18.6
2018-02,Sydney,0.2631768953068592,0.7505597014925374,0.9084558823529412,1.5498233215547703,19.066390041493776,,18.7,22.5
2018-03,Sydney,0.2631768953068592,0.8005597014925373,0.9584558823529412,1.5998233215547706,20.066390041493776,,14.3,21.2
2018-04,Sydney,0.2631768953068592,0.8505597014925373,1.0584558823529413,1.5998233215547706,20.816390041493776,,20.2,18.0
2018-07,Sydney,0.1,1.95,1.6,1.3,19.1,,15.1,12.6
2018-08,Sydney,0.1,1.25,1.2999999999999998,1.75,17.7,,16.0,17.2
2018-09,Sydney,0.2631768953068592,0.8999999999999999,1.1,1.9,17.1,,14.1,24.4
2018-10,Sydney,0.2,0.3,0.8,2.1,16.4,,24.7,16.3
2018-11,Sydney,0.2,0.5,0.8,1.95,22.55,,17.1,19.8
2018-12,Sydney,0.2,0.25,0.6499999999999999,2.0,21.2,,16.6,11.8
2019-02,Sydney,0.2,0.5,0.7,1.6,20.2,,22.0,30.2
2019-03,Sydney,0.2,0.45,0.75,1.65,20.7,,18.1,24.5
2019-04,Sydney,0.2,1.2000000000000002,1.1,1.2999999999999998,20.200000000000003,,20.5,22.8
2019-05,Sydney,0.3,1.85,1.4,1.05,18.95,,28.2,26.4
2019-07,Sydney,0.3,1.55,1.35,1.15,14.55,,17.2,15.6
2019-08,Sydney,0.2,1.35,1.25,1.65,16.799999999999997,,17.2,17.2
2019-09,Sydney,0.2,0.65,0.95,1.95,17.6,,14.6,20.3
2020-02,Sydney,0.2,0.25,0.6,1.85,19.35,,16.4,23.5
2020-03,Sydney,0.2,0.65,0.8,1.55,16.15,,23.7,24.5
2020-04,Sydney,0.2,0.8,1.0,1.4500000000000002,17.55,,9.5,5.9
2020-05,Sydney,0.2,1.2000000000000002,1.0,1.2999999999999998,13.3,,8.1,6.2
2020-06,Sydney,0.3,1.55,1.25,1.05,14.0,,17.6,19.1
2020-07,Sydney,0.3,1.5,1.2,1.2999999999999998,14.0,,14.9,11.5
2020-08,Sydney,0.2,1.0,1.1,1.65,14.25,,17.0,20.2
2020-09,Sydney,0.2,0.6,0.95,2.05,16.3,,13.3,11.1
2020-10,Sydney,0.2,0.2,0.6499999999999999,2.4,16.200000000000003,,10.9,15.2
2020-11,Sydney,0.2,0.25,0.6499999999999999,2.1,20.45,,16.5,15.3
2020-12,Sydney,0.2,0.15,0.5,1.85,18.5,,10.0,15.4
2021-01,Sydney,0.2,0.2,0.45,1.9,17.950000000000003,,8.0,8.4
2021-02,Sydney,0.2,0.3,0.5,1.45,16.6,,15.7,15.9
2021-03,Sydney,0.2,0.35,0.6499999999999999,1.65,16.950000000000003,,19.5,19.7
2021-04,Sydney,0.2,1.1,1.15,1.2999999999999998,18.8,,14.4,18.7
2021-05,Sydney,0.2,1.3,1.1,1.15,14.9,,26.0,23.6
2021-06,Sydney,0.3,2.0,1.25,1.0,13.05,,19.2,18.5
2021-08,Sydney,0.2,0.55,0.95,1.75,14.95,,5.9,5.6
2021-09,Sydney,0.2,0.7005597014925373,1.0084558823529413,2.15,14.35,,8.3,3.0
2021-10,Sydney,0.1,0.3,0.75,2.25,16.4,,7.2,6.5
2021-11,Sydney,0.1,0.2,0.55,1.95,14.4,,9.7,8.2
2021-12,Sydney,0.2,0.25,0.4,1.6,14.65,,8.8,9.1
2022-01,Sydney,0.2,0.2,0.2,1.25,15.65,,7.0,11.2
2022-02,Sydney,0.2,0.4499999999999999,0.4,1.2,16.25,,8.1,11.2
2022-03,Sydney,0.2,0.5,0.4499999999999999,1.35,12.9,,19.2,24.4
2022-04,Sydney,0.2,0.8500000000000001,0.8,1.4,11.9,,23.1,24.2
2022-05,Sydney,0.3,1.3,1.2000000000000002,1.0,12.0,,28.9,28.4
2022-06,Sydney,0.2,1.2999999999999998,1.1,1.2000000000000002,11.8,,20.9,17.0
2022-07,Sydney,0.2,0.85,1.1,1.6,11.1,,14.6,16.5
2022-08,Sydney,0.2,0.65,0.9,1.8,10.55,,21.3,27.1
2022-09,Sydney,0.2,0.35,0.75,2.2,11.95,,18.9,18.9
2022-10,Sydney,0.2,0.3,0.6499999999999999,2.15,11.5,,16.5,15.5
2022-11,Sydney,0.2,0.25,0.5,2.0,13.5,,17.2,13.9
2022-12,Sydney,0.2,0.15,0.45,1.8,15.8,,13.6,11.1
2023-02,Sydney,0.2,0.35,0.5,1.7000000000000002,17.25,,18.1,15.3
2023-03,Sydney,0.2,0.4499999999999999,0.75,1.75,17.0,,14.9,12.6
2023-04,Sydney,0.2,0.8,0.8500000000000001,1.2999999999999998,12.85,,19.4,18.6
2023-05,Sydney,0.2,1.35,1.15,1.15,14.05,,25.1,19.9
2023-06,Sydney,0.2,1.35,1.2000000000000002,1.25,12.7,,16.9,14.4
2014-07,Western Sydney,0.2,1.6,1.3,1.3,,0.1,35.0,28.9
2014-08,Western Sydney,0.2,1.1,1.3,1.6,,0.1,27.0,29.5
2014-09,Western Sydney,0.1,0.5,1.0,1.9,,0.1,21.4,23.6
2014-10,Western Sydney,0.1,0.4,1.0,2.4,,0.1,21.3,23.1
2014-11,Western Sydney,0.0,0.3,0.8,2.5,,0.1,21.0,21.1
2014-12,Western Sydney,0.1,0.2,0.8,2.3,,0.1,19.7,28.0
2015-01,Western Sydney,0.0,0.1,0.6,2.0,,0.1,17.9,13.2
2015-03,Western Sydney,0.0,0.7,1.1,1.8,,0.1,29.2,28.1
2015-04,Western Sydney,0.1,0.6,0.9,1.5,,0.0,25.1,30.4
2015-05,Western Sydney,0.2,1.4,1.2,1.1,,0.0,33.6,35.1
2015-07,Western Sydney,0.2,2.0,1.4,1.1,,0.1,30.2,25.8
2015-08,Western Sydney,0.1,0.9,1.3,1.4,,0.1,29.0,30.0
2015-09,Western Sydney,0.1,0.6,1.1,1.8,,0.1,23.4,24.1
2015-10,Western Sydney,0.1,0.6,1.0,2.3,,0.1,21.9,24.3
2015-11,Western Sydney,0.0,0.4,0.8,2.5,,0.0,21.8,22.5
2015-12,Western Sydney,0.1,0.5,0.9,1.9,,0.1,19.5,16.0
2016-02,Western Sydney,0.0,0.5,0.8,1.9,,0.1,28.4,36.4
2016-03,Western Sydney,0.1,0.7,0.9,1.5,,0.1,26.0,25.3
2016-04,Western Sydney,0.2,1.0,1.3,1.4,,0.1,26.7,27.6
2016-05,Western Sydney,0.2,1.5,1.5,1.3,,0.1,31.1,34.0
2016-06,Western Sydney,0.2,1.1,1.1,1.3,,0.1,28.4,26.2
2016-07,Western Sydney,0.2,1.1,1.1,1.4,,0.0,23.6,21.8
2016-08,Western Sydney,0.2,1.4,1.3,1.3,,0.1,30.1,30.7
2016-09,Western Sydney,0.1,0.7,1.0,1.6,,0.1,27.8,26.0
2016-10,Western Sydney,0.0,0.2,0.6,2.1,,0.0,18.4,24.3
2016-11,Western Sydney,0.1,0.3,0.8,2.2,,0.0,17.5,20.3
2016-12,Western Sydney,0.0,0.2,0.7,2.4,,0.1,17.7,20.5
2017-01,Western Sydney,0.0,0.2,0.6,2.2,,0.1,16.3,12.3
2017-02,Western Sydney,0.0,0.4,0.7,2.3,,0.1,22.9,30.3
2017-03,Western Sydney,0.0,0.3,0.7,1.5,,0.1,23.9,28.7
2017-04,Western Sydney,0.1,1.0,1.0,1.4,,0.1,28.3,25.4
2017-08,Western Sydney,0.1,0.8,1.1,1.7,,0.1,26.2,22.1
2017-09,Western Sydney,0.1,0.8,1.1,2.0,,0.1,24.5,20.1
2017-10,Western Sydney,0.1,0.5,0.8,2.2,,0.1,18.2,18.4
2017-11,Western Sydney,0.0,0.6,0.7,1.8,,0.1,18.6,25.6
2017-12,Western Sydney,0.0,0.3,0.6,2.3,,0.1,18.8,19.5
2018-02,Western Sydney,0.0,0.6,0.6,1.7,,0.1,21.7,27.5
2018-03,Western Sydney,0.0,0.6,0.8,1.8,,0.1,21.0,26.7
2018-04,Western Sydney,0.1,0.6,0.9,1.9,,0.1,22.6,15.9
2018-07,Western Sydney,0.153030303030303,0.8607329842931938,0.9528795811518326,1.6776119402985077,,0.0776649746192893,23.2,14.7
2018-08,Western Sydney,0.1,1.0,1.2,1.8,,0.0,19.4,17.2
2018-09,Western Sydney,0.1,0.9,1.2,1.8,,0.1,21.4,20.8
2018-10,Western Sydney,0.1,0.3,0.9,2.1,,0.1,18.3,16.0
2018-11,Western Sydney,0.0,0.5,0.7,2.1,,0.1,20.6,16.9
2018-12,Western Sydney,0.0,0.3,0.6,2.3,,0.1,18.0,17.1
2019-02,Western Sydney,0.0,0.4,0.6,1.9,,0.1,20.3,26.1
2019-03,Western Sydney,0.0,0.4,0.7,1.7,,0.1,28.1,28.6
2019-04,Western Sydney,0.1,1.0,1.0,1.4,,0.1,23.8,28.4
2019-05,Western Sydney,0.1,1.3,1.1,1.3,,0.1,32.2,30.6
2019-07,Western Sydney,0.2,1.3,1.2,1.3,,0.1,22.7,13.9
2019-08,Western Sydney,0.1,0.9,1.1,1.7,,0.1,29.3,20.3
2019-09,Western Sydney,0.1,0.7,0.9,1.9,,0.1,22.5,19.3
2020-02,Western Sydney,0.0,0.3,0.5,2.1,,0.1,18.8,22.0
2020-03,Western Sydney,0.0,0.5,0.6,1.7,,0.1,22.0,22.8
2020-04,Western Sydney,0.1,0.6,0.8,1.6,,0.1,11.7,7.9
2020-05,Western Sydney,0.1,0.8,0.8,1.5,,0.0,8.8,5.9
2020-06,Western Sydney,0.2,1.3,1.1,1.2,,0.1,20.2,19.7
2020-07,Western Sydney,0.2,1.3,1.1,1.4,,0.1,14.5,15.7
2020-08,Western Sydney,0.1,0.8,0.9,1.8,,0.0,14.1,18.2
2020-09,Western Sydney,0.1,0.6,0.9,2.0,,0.1,14.8,12.1
2020-10,Western Sydney,0.1,0.4,0.7,2.4,,0.1,10.1,11.3
2020-11,Western Sydney,0.0,0.4,0.6,2.3,,0.1,15.0,18.3
2020-12,Western Sydney,0.0,0.2,0.5,1.9,,0.0,11.5,7.8
2021-01,Western Sydney,0.0,0.3,0.5,2.1,,0.1,7.6,6.7
2021-02,Western Sydney,0.0,0.4,0.5,1.6,,0.1,16.0,18.2
2021-03,Western Sydney,0.0,0.5,0.6,1.7,,0.1,17.0,19.8
2021-04,Western Sydney,0.1,1.1,1.0,1.4,,0.1,17.7,15.3
2021-05,Western Sydney,0.1,1.3,1.0,1.2,,0.1,23.0,26.6
2021-06,Western Sydney,0.2,1.6,1.0,1.2,,0.1,22.8,18.0
2021-08,Western Sydney,0.1,0.5,0.8,1.8,,0.0,8.1,6.3
2021-09,Western Sydney,0.1,0.5,0.8,2.1,,0.1,5.2,5.4
2021-10,Western Sydney,0.1,0.4,0.8,2.1,,0.0,8.7,6.5
2021-11,Western Sydney,0.0,0.3,0.5,1.9,,0.0,12.2,11.6
2021-12,Western Sydney,0.0,0.2,0.4,2.0,,0.0,10.4,7.9
2022-01,Western Sydney,0.0,0.2,0.3,1.7,,0.0,10.9,6.7
2022-02,Western Sydney,0.0,0.5,0.5,1.5,,0.0,14.0,14.9
2022-03,Western Sydney,0.0,0.4,0.6,1.4,,0.0,21.7,27.5
2022-04,Western Sydney,0.0,0.6,0.7,1.3,,0.0,31.6,30.5
2022-05,Western Sydney,0.1,1.3,1.0,1.0,,0.0,32.4,39.6
2022-06,Western Sydney,0.1,1.1,0.9,1.2,,0.0,23.1,19.7
2022-07,Western Sydney,0.1,0.8,0.9,1.6,,0.0,17.0,15.7
2022-08,Western Sydney,0.1,0.6,0.7,1.7,,0.0,27.4,20.3
2022-09,Western Sydney,0.0,0.4,0.7,1.9,,0.1,17.7,17.5
2022-10,Western Sydney,0.0,0.3,0.5,1.9,,0.0,19.0,17.3
2022-11,Western Sydney,0.0,0.4,0.4,1.9,,0.0,16.3,18.7
2022-12,Western Sydney,0.0,0.2,0.4,2.0,,0.1,15.1,13.5
2023-02,Western Sydney,0.153030303030303,0.8607329842931938,0.9528795811518326,1.6776119402985077,,0.0776649746192893,19.3,23.6
2023-03,Western Sydney,0.0,0.6,0.6,1.7,,0.1,16.2,14.0
2023-04,Western Sydney,0.0,0.9,0.7,1.3,,0.0,22.1,18.0
2023-05,Western Sydney,0.1,1.5,1.0,1.1,,0.1,22.9,21.9
2023-06,Western Sydney,0.1,1.2,1.0,1.2,,0.1,15.3,18.3
