financial year,lhd,CO ppm,NO pphm,NO2 pphm,OZONE pphm,PM10 µg/m³,SO2 pphm,"asthma deaths [rate per 100,000]","asthma edp [f] [rate per 100,000]","asthma edp [m] [rate per 100,000]","asthma hospitalisations [f] [rate per 100,000]","asthma hospitalisations [m] [rate per 100,000]",asthma prevelance in children [% of children],"copd deaths [f] [rate per 100,000]","copd deaths [m] [rate per 100,000]","copd hospitalisations [f] [rate per 100,000]","copd hospitalisations [m] [rate per 100,000]","iap deaths [f] [rate per 100,000]","iap deaths [m] [rate per 100,000]","iap hospitalisations [f] [rate per 100,000]","iap hospitalisations [m] [rate per 100,000]"
2000/2001,Central Coast,0.146353405,0.399685591,0.68494198,1.702759631,13.84171909,0.05609907,NA,NA,NA,NA,NA,NA,NA,NA,NA,NA,NA,NA,NA,NA
2001/2002,Central Coast,0.130870489,0.390895028,0.653007259,1.747313939,14.88680776,0.058678555,NA,NA,NA,211.5,204.6,NA,NA,NA,235.4,348.2,NA,NA,198.1,294.6
2002/2003,Central Coast,0.166697489,0.349499806,0.630578324,1.838603826,18.95764938,0.055580985,NA,NA,NA,166.1,167.2,NA,NA,NA,228.1,334.0,NA,NA,213.2,317.7
2003/2004,Central Coast,0.187438823,0.380826083,0.663295876,1.831482724,16.8061736,0.05834161,NA,NA,NA,156.2,154.1,16.700000000000003,NA,NA,219.0,377.1,NA,NA,217.8,308.5
2004/2005,Central Coast,0.109070261,0.358994699,0.586030782,1.775887485,15.63361682,0.060331768,NA,NA,NA,145.3,184.7,18.15,NA,NA,251.2,390.6,NA,NA,190.7,278.8
2005/2006,Central Coast,0.126967122,0.33875436,0.617208124,1.782720691,15.8671027,0.060781089,NA,NA,NA,141.5,173.0,18.6,NA,NA,237.8,368.5,NA,NA,208.5,321.6
2006/2007,Central Coast,0.125397946,0.32150241,0.551668694,1.754098991,16.12554885,0.060371685,NA,NA,NA,142.8,131.1,17.65,NA,NA,254.3,362.3,NA,NA,215.2,270.3
2007/2008,Central Coast,0.057867559,0.303276929,0.498482295,1.664407865,14.14056353,0.059835251,NA,NA,NA,155.8,118.8,15.6,NA,NA,274.0,360.6,NA,NA,198.6,306.9
2008/2009,Central Coast,0.125994606,0.27551212,0.50990083,1.814052322,16.78649219,0.073097808,NA,NA,NA,151.8,123.0,14.65,NA,NA,275.5,340.9,NA,NA,241.2,280.2
2009/2010,Central Coast,0.139108783,0.250874513,0.553606105,1.879182442,17.53962455,0.074142211,NA,NA,NA,161.5,143.3,17.2,NA,NA,263.1,313.1,NA,NA,221.4,285.0
2010/2011,Central Coast,0.105235599,0.301532313,0.582390179,1.682968849,13.58071342,0.076149545,NA,NA,NA,131.2,136.6,17.95,NA,NA,284.7,299.5,NA,NA,251.1,330.9
2011/2012,Central Coast,0.065988695,0.306571511,0.564177291,1.586417999,13.53260401,0.064974854,0.6,NA,NA,131.7,142.0,17.0,24.9,33.1,292.8,356.0,7.6,10.2,241.1,305.2
2012/2013,Central Coast,0.084025033,0.268964137,0.502566255,1.719030609,16.43848962,0.077980301,0.6,NA,NA,155.2,169.3,15.65,27.9,37.2,242.5,303.3,6.3,8.7,217.2,316.7
2013/2014,Central Coast,0.1,0.241666667,0.516666667,1.75,15.93333333,0.091666667,0.6,NA,NA,149.6,138.9,15.35,24.9,40.9,283.6,264.3,6.4,9.4,206.7,317.3
2014/2015,Central Coast,0.1,0.233333333,0.466666667,1.791190021,15.15833333,0.05,0.675,373.6,354.3,182.2,148.5,15.7,25.3,43.1,277.0,315.9,9.4,11.5,269.0,402.9
2015/2016,Central Coast,0.108333333,0.216666667,0.458333333,1.691666667,15.375,0.058333333,0.725,405.8,350.7,185.2,157.4,14.4,28.2,40.0,301.9,288.7,9.9,10.2,298.5,404.2
2016/2017,Central Coast,0.1,0.216666667,0.491666667,1.775,15.35833333,0.058333333,0.7,412.0,339.7,176.7,149.1,12.55,33.1,39.6,312.5,303.7,11.1,11.4,260.3,324.7
2017/2018,Central Coast,0.108333333,0.175,0.441666667,1.861183124,16.81666667,0.075,0.675,386.7,344.0,154.4,141.6,11.15,33.9,40.6,298.9,327.5,9.7,13.3,343.6,421.9
2018/2019,Central Coast,0.108333333,0.216666667,0.416666667,1.733333333,17.75,0.091666667,0.675,403.8,349.0,144.6,122.9,NA,31.6,41.1,307.8,286.2,7.8,13.3,339.6,420.6
2019/2020,Central Coast,0.143129378,0.208333333,0.358333333,1.916666667,18.57275166,0.066666667,0.6499999999999999,393.8,319.8,131.7,100.6,NA,29.6,34.8,273.4,249.5,7.2,11.2,336.9,409.5
2020/2021,Central Coast,0.133333333,0.233333333,0.35,1.716666667,14.075,0.058333333,0.6,308.3,286.1,81.1,69.8,NA,27.9,29.3,204.3,200.6,4.8,7.5,185.3,219.2
2021/2022,Central Coast,0.005148889,0.191666667,0.225,1.666666667,12.65833333,0.081451645,NA,287.7,251.0,76.1,79.8,NA,NA,NA,173.6,171.3,NA,NA,NA,NA
2022/2023,Central Coast,0.005148889,0.191666667,0.225,1.683333333,12.0,0.058333333,NA,348.8,308.1,NA,NA,NA,NA,NA,NA,NA,NA,NA,NA,NA
2023/2024,Central Coast,0.022849193,0.183081938,0.258755806,1.791666667,14.53333333,0.075,NA,NA,NA,NA,NA,NA,NA,NA,NA,NA,NA,NA,NA,NA
2000/2001,Hunter New England,0.131952495,0.776774747,0.831381416,2.097732186,20.60425979,0.19256475,NA,NA,NA,NA,NA,NA,NA,NA,NA,NA,NA,NA,NA,NA
2001/2002,Hunter New England,0.135221975,0.785716391,0.825565196,2.179303358,21.48507641,0.186373764,NA,NA,NA,177.0,176.9,NA,NA,NA,210.8,319.9,NA,NA,249.6,354.7
2002/2003,Hunter New England,0.166690859,0.76841708,0.83249326,2.348370725,25.25649697,0.191364241,NA,NA,NA,169.6,152.4,NA,NA,NA,212.2,323.3,NA,NA,277.4,355.9
2003/2004,Hunter New England,0.141427557,0.738140092,0.800831907,2.278653861,22.69481673,0.175592508,NA,NA,NA,154.5,142.6,16.75,NA,NA,207.4,312.4,NA,NA,273.1,362.9
2004/2005,Hunter New England,0.088102922,0.713724944,0.756500664,2.234245431,22.37001143,0.18983719,NA,NA,NA,164.6,146.6,16.450000000000003,NA,NA,199.7,283.1,NA,NA,272.5,371.9
2005/2006,Hunter New England,0.103519747,0.759279203,0.788076665,2.155691722,21.66645895,0.168889589,NA,NA,NA,138.4,146.7,15.45,NA,NA,188.4,311.4,NA,NA,238.6,326.1
2006/2007,Hunter New England,0.118836719,0.670057063,0.750538556,2.160569579,22.51163088,0.178397805,NA,NA,NA,165.6,154.6,15.35,NA,NA,193.0,290.8,NA,NA,227.3,330.3
2007/2008,Hunter New England,0.119090828,0.624481732,0.684088499,2.047760182,20.57167093,0.175622495,NA,NA,NA,161.3,150.7,15.55,NA,NA,226.4,318.8,NA,NA,265.7,330.7
2008/2009,Hunter New England,0.132338483,0.458696829,0.628150076,2.261488937,23.1061172,0.154664889,NA,NA,NA,153.7,148.4,15.9,NA,NA,212.0,303.9,NA,NA,229.7,323.1
2009/2010,Hunter New England,0.13614878,0.578901913,0.70540253,2.308035834,23.99435157,0.180685831,NA,NA,NA,161.4,146.1,16.4,NA,NA,234.3,291.8,NA,NA,248.2,316.6
2010/2011,Hunter New England,0.063957205,0.495537962,0.673099955,2.065753435,19.10477008,0.173724574,NA,NA,NA,133.1,134.5,17.049999999999997,NA,NA,232.5,308.6,NA,NA,270.2,321.5
2011/2012,Hunter New England,0.077929462,0.657925706,0.725769367,1.928749312,19.56304174,0.18776225,0.55,NA,NA,142.0,144.4,16.7,19.1,34.3,232.0,323.0,7.8,11.3,262.0,358.1
2012/2013,Hunter New England,0.082683023,0.561151198,0.672476505,2.119010561,22.48176986,0.165235805,0.575,NA,NA,148.3,138.8,15.45,21.9,34.8,248.6,291.6,8.5,10.7,228.4,305.2
2013/2014,Hunter New England,0.09256235,0.578422175,0.696342374,2.174557172,22.60521193,0.170262602,0.6499999999999999,NA,NA,147.5,144.2,15.4,25.2,33.8,228.4,277.4,8.8,11.1,240.5,325.8
2014/2015,Hunter New England,0.119945823,0.477439897,0.637575991,2.158975234,21.95067982,0.159759564,0.825,455.6,445.5,146.7,136.0,16.3,25.4,33.9,239.3,279.4,8.3,11.3,317.4,391.0
2015/2016,Hunter New England,0.171055539,0.473678666,0.664202411,2.058007817,22.25952381,0.158328514,1.025,475.9,459.5,162.3,158.5,17.35,25.3,35.0,235.0,293.3,8.3,8.6,312.2,398.7
2016/2017,Hunter New England,0.095563027,0.498459922,0.658514942,2.126545983,21.76071429,0.188231816,1.05,505.5,495.8,184.6,174.9,17.1,25.4,38.9,256.4,316.8,11.8,12.5,344.5,395.7
2017/2018,Hunter New England,0.134637678,0.543571883,0.668258663,2.205529702,24.03347201,0.189219651,0.975,430.7,437.2,157.7,163.6,16.549999999999997,23.5,37.2,256.1,284.2,11.4,14.3,398.8,462.5
2018/2019,Hunter New England,0.136481937,0.556026483,0.650187306,2.191191166,25.72189241,0.185593224,0.875,465.9,423.3,167.0,169.8,NA,24.6,32.6,240.1,258.6,9.9,10.4,341.7,420.0
2019/2020,Hunter New England,0.119742477,0.520115806,0.628147132,2.363537644,26.13616767,0.176950812,0.8,470.1,407.8,144.2,154.7,NA,24.1,30.4,217.0,244.2,7.6,7.3,325.8,381.6
2020/2021,Hunter New England,0.090205738,0.523746698,0.535401144,1.964825406,19.75595238,0.145523767,0.8,400.2,366.0,110.6,115.6,NA,22.4,28.6,147.5,179.3,4.6,5.8,193.2,257.9
2021/2022,Hunter New England,0.066936199,0.483368717,0.515420435,1.863955385,18.84253173,0.138743079,NA,398.0,367.1,87.2,96.3,NA,NA,NA,150.0,172.1,NA,NA,NA,NA
2022/2023,Hunter New England,0.061167854,0.451607113,0.501450451,1.913033067,18.20714286,0.138626025,NA,410.6,416.7,NA,NA,NA,NA,NA,NA,NA,NA,NA,NA,NA
2023/2024,Hunter New England,0.070492591,0.520867493,0.555903193,2.06547619,21.33571429,0.138171483,NA,NA,NA,NA,NA,NA,NA,NA,NA,NA,NA,NA,NA,NA
2000/2001,Illawarra Shoalhaven,0.258333333,0.745833333,0.829166667,1.7625,18.21495807,0.1,NA,NA,NA,NA,NA,NA,NA,NA,NA,NA,NA,NA,NA,NA
2001/2002,Illawarra Shoalhaven,0.291666667,0.708333333,0.8375,1.832517183,18.894031,0.1,NA,NA,NA,103.6,121.4,NA,NA,NA,190.9,301.5,NA,NA,198.4,286.8
2002/2003,Illawarra Shoalhaven,0.345195981,0.825,0.908333333,1.807685365,23.18179219,0.1,NA,NA,NA,121.0,105.1,NA,NA,NA,203.6,291.2,NA,NA,179.1,251.4
2003/2004,Illawarra Shoalhaven,0.326749443,0.704166667,0.829166667,1.866666667,19.64914116,0.1,NA,NA,NA,121.2,109.9,14.4,NA,NA,220.2,325.9,NA,NA,214.2,252.2
2004/2005,Illawarra Shoalhaven,0.304166667,0.63061647,0.718960715,1.8,18.25,0.1,NA,NA,NA,131.4,125.4,13.6,NA,NA,203.5,287.4,NA,NA,225.6,293.5
2005/2006,Illawarra Shoalhaven,0.254166667,0.606912582,0.699918588,1.854166667,18.8110896,0.1,NA,NA,NA,126.2,122.0,14.8,NA,NA,202.8,226.4,NA,NA,221.3,280.3
2006/2007,Illawarra Shoalhaven,0.274720798,0.624018362,0.723873163,1.787695998,21.0625,0.1,NA,NA,NA,148.1,160.2,16.299999999999997,NA,NA,199.4,250.5,NA,NA,186.3,259.6
2007/2008,Illawarra Shoalhaven,0.180696572,0.507963542,0.636131044,1.758333333,17.7260503,0.1,NA,NA,NA,147.9,176.2,16.299999999999997,NA,NA,194.9,251.1,NA,NA,196.6,282.5
2008/2009,Illawarra Shoalhaven,0.145833333,0.375340169,0.646371997,1.95,20.00289053,0.1,NA,NA,NA,139.9,149.7,14.75,NA,NA,198.6,275.6,NA,NA,247.5,335.6
2009/2010,Illawarra Shoalhaven,0.341297459,0.527040861,0.623507549,1.955985813,20.40833333,0.1,NA,NA,NA,144.3,153.9,14.15,NA,NA,234.9,284.0,NA,NA,264.3,328.7
2010/2011,Illawarra Shoalhaven,0.316666667,0.357287875,0.583836269,1.854166667,16.97083333,0.1,NA,NA,NA,146.2,145.2,14.9,NA,NA,222.0,314.8,NA,NA,249.2,294.4
2011/2012,Illawarra Shoalhaven,0.3,0.440909091,0.686363636,1.813636364,17.1,0.1,0.7,NA,NA,131.9,122.3,15.25,20.3,34.0,229.9,302.3,8.6,7.9,254.5,305.1
2012/2013,Illawarra Shoalhaven,0.208333333,0.384639567,0.670510573,1.766666667,18.4125,0.1,0.725,NA,NA,111.9,115.3,14.3,20.5,33.5,235.7,270.9,7.8,7.5,268.7,331.6
2013/2014,Illawarra Shoalhaven,0.208333333,0.385763137,0.661030103,1.9375,18.04583333,0.1,0.7,NA,NA,123.3,112.8,12.55,23.6,36.2,229.4,321.7,7.6,7.9,259.5,345.0
2014/2015,Illawarra Shoalhaven,0.208333333,0.355227067,0.590973556,1.9125,17.2875,0.1,0.65,410.1,383.6,128.8,102.6,11.85,25.1,34.7,248.2,270.3,8.2,7.3,313.6,387.5
2015/2016,Illawarra Shoalhaven,0.208333333,0.3625,0.629166667,1.868308702,18.75833333,0.1,0.7,458.7,392.5,156.7,116.5,11.65,24.9,34.7,233.0,245.4,7.5,9.0,296.9,350.1
2016/2017,Illawarra Shoalhaven,0.2,0.341666667,0.545833333,1.95,18.725,0.1,0.75,456.8,381.6,155.7,118.6,11.05,27.3,34.2,242.9,256.0,9.4,12.5,280.5,349.8
2017/2018,Illawarra Shoalhaven,0.175,0.370833333,0.5375,2.022397958,20.4625,0.1,0.725,389.9,397.7,109.5,105.0,11.1,25.0,30.4,254.9,262.4,9.1,12.9,371.2,416.8
2018/2019,Illawarra Shoalhaven,0.191666667,0.353806033,0.570634935,1.941666667,21.31693799,0.1,0.625,392.5,338.5,115.7,89.1,NA,24.2,28.4,251.7,239.0,10.1,10.4,339.7,401.5
2019/2020,Illawarra Shoalhaven,0.208333333,0.304166667,0.533333333,2.0125,22.03333333,0.1,0.55,339.5,280.4,99.1,58.7,NA,24.5,30.5,240.3,225.6,9.1,7.7,340.0,395.7
2020/2021,Illawarra Shoalhaven,0.2,0.3375,0.45,1.829166667,17.84583333,0.1,0.55,294.3,247.6,72.9,47.4,NA,23.2,31.2,168.2,155.4,4.8,6.5,192.9,258.3
2021/2022,Illawarra Shoalhaven,0.166666667,0.304166667,0.316666667,1.804166667,15.05,0.1,NA,264.7,246.5,69.7,52.7,NA,NA,NA,158.6,146.3,NA,NA,NA,NA
2022/2023,Illawarra Shoalhaven,0.175,0.295833333,0.366666667,1.8625,15.61666667,0.1,NA,268.9,269.5,NA,NA,NA,NA,NA,NA,NA,NA,NA,NA,NA
2023/2024,Illawarra Shoalhaven,0.108333333,0.4,0.65,1.82031797,20.1125,0.1,NA,NA,NA,NA,NA,NA,NA,NA,NA,NA,NA,NA,NA,NA
2000/2001,Mid North Coast,0.148123889,0.111587196,0.299720854,2.370570411,NA,0.05062738,NA,NA,NA,NA,NA,NA,NA,NA,NA,NA,NA,NA,NA,NA
2001/2002,Mid North Coast,0.111530206,0.074979661,0.276419636,2.413914482,NA,0.0,NA,NA,NA,179.7,199.1,NA,NA,NA,268.1,351.3,NA,NA,301.8,381.6
2002/2003,Mid North Coast,0.143173794,0.189454273,0.352634547,2.445216608,NA,0.07301393,NA,NA,NA,175.8,179.0,NA,NA,NA,230.2,351.9,NA,NA,332.7,427.1
2003/2004,Mid North Coast,0.178588729,0.116371214,0.351300383,2.485332558,NA,0.050951271,NA,NA,NA,183.1,144.1,14.65,NA,NA,244.9,394.6,NA,NA,365.0,504.8
2004/2005,Mid North Coast,0.126784725,0.110449966,0.284936446,2.199767773,NA,0.03728732,NA,NA,NA,201.6,163.4,13.8,NA,NA,206.8,366.0,NA,NA,337.4,421.5
2005/2006,Mid North Coast,0.118637227,0.124391969,0.342170362,2.240606847,NA,0.060844942,NA,NA,NA,178.6,123.2,12.35,NA,NA,202.0,340.3,NA,NA,280.8,403.7
2006/2007,Mid North Coast,0.128494826,0.148713822,0.275187748,1.99019576,NA,0.042518566,NA,NA,NA,180.9,168.5,11.3,NA,NA,169.9,292.5,NA,NA,278.4,389.1
2007/2008,Mid North Coast,0.071432662,0.077859876,0.237229287,1.897012876,NA,0.02324618,NA,NA,NA,178.8,142.3,12.05,NA,NA,237.9,287.0,NA,NA,339.7,430.9
2008/2009,Mid North Coast,0.149712341,0.123108095,0.276654997,2.052035943,NA,0.055667064,NA,NA,NA,147.0,129.6,12.1,NA,NA,266.2,318.7,NA,NA,357.1,391.0
2009/2010,Mid North Coast,0.125423269,0.132332246,0.284621612,2.187645152,NA,0.04635198,NA,NA,NA,129.0,145.5,10.35,NA,NA,241.8,327.4,NA,NA,319.0,376.8
2010/2011,Mid North Coast,0.101039081,0.011024195,0.218161083,2.038649093,NA,0.0,NA,NA,NA,166.5,144.4,8.3,NA,NA,264.8,303.2,NA,NA,292.9,340.1
2011/2012,Mid North Coast,0.104596084,0.027226492,0.226308538,1.680972417,NA,0.026418037,0.95,NA,NA,180.8,122.2,9.25,18.8,38.8,267.9,335.0,10.6,9.8,300.6,393.0
2012/2013,Mid North Coast,0.13022383,0.012109062,0.193239672,1.796691393,NA,0.0,1.0499999999999998,NA,NA,157.7,155.3,13.75,20.0,40.0,295.1,322.3,10.5,10.8,329.4,399.6
2013/2014,Mid North Coast,0.156208304,0.056414617,0.260004465,1.796701931,NA,0.031410145,0.975,NA,NA,205.6,135.7,17.950000000000003,25.9,38.4,273.0,309.5,6.8,12.8,277.9,324.7
2014/2015,Mid North Coast,0.16032243,0.085874899,0.26024422,1.885240128,NA,0.02468267,0.75,495.6,478.8,168.5,167.6,19.1,24.5,33.7,289.7,303.9,8.5,12.3,342.3,399.9
2015/2016,Mid North Coast,0.183427717,0.164317611,0.31942314,1.922582785,NA,0.098480653,0.55,487.5,517.4,136.0,145.2,16.700000000000003,21.0,35.3,292.0,355.1,6.7,11.5,357.0,451.9
2016/2017,Mid North Coast,0.167764746,0.098944437,0.279601446,2.033003849,NA,0.038525026,0.425,462.2,511.6,179.2,167.8,13.05,22.5,38.9,264.5,331.8,6.7,9.2,298.2,407.4
2017/2018,Mid North Coast,0.187219373,0.125496012,0.246269537,1.760193893,NA,0.039191053,0.525,422.3,471.1,137.7,169.5,11.85,24.4,36.5,289.0,313.1,8.7,8.8,355.7,428.2
2018/2019,Mid North Coast,0.189461795,0.210351095,0.295979934,1.847432235,NA,0.07301393,0.725,477.4,429.7,150.6,139.0,NA,29.0,36.2,268.5,264.9,9.1,8.8,342.1,399.1
2019/2020,Mid North Coast,0.175655189,0.133531907,0.327615387,2.081921468,NA,0.037168988,0.85,493.9,409.8,120.5,124.2,NA,25.9,32.4,272.8,242.3,8.7,6.4,341.3,392.9
2020/2021,Mid North Coast,0.123380198,0.145022954,0.315671099,1.816952725,NA,0.0,0.85,360.6,324.7,80.5,86.2,NA,22.9,27.5,224.3,181.9,5.3,4.2,243.3,292.6
2021/2022,Mid North Coast,0.115513706,0.125692745,0.254596315,1.620833333,NA,0.003646165,NA,384.8,334.9,64.2,88.2,NA,NA,NA,190.0,177.7,NA,NA,NA,NA
2022/2023,Mid North Coast,0.061719529,0.125898888,0.268230163,1.547355615,NA,0.0,NA,447.9,330.1,NA,NA,NA,NA,NA,NA,NA,NA,NA,NA,NA
2023/2024,Mid North Coast,0.097882547,0.080987845,0.229455661,1.768525921,NA,0.032218969,NA,NA,NA,NA,NA,NA,NA,NA,NA,NA,NA,NA,NA,NA
2000/2001,Murrumbidgee,NA,0.429726381,0.352172371,1.754632423,23.99863978,0.070805039,NA,NA,NA,NA,NA,NA,NA,NA,NA,NA,NA,NA,NA,NA
2001/2002,Murrumbidgee,NA,0.414693144,0.356599961,1.872742987,22.89062044,0.067945856,NA,NA,NA,267.9,228.8,NA,NA,NA,335.6,634.5,NA,NA,333.3,464.6
2002/2003,Murrumbidgee,NA,0.402369167,0.381083258,1.97544789,31.69117142,0.084014785,NA,NA,NA,231.0,187.4,NA,NA,NA,396.5,696.5,NA,NA,368.0,534.8
2003/2004,Murrumbidgee,NA,0.448050406,0.474077516,1.815614113,25.3,0.070418448,NA,NA,NA,262.2,199.2,15.15,NA,NA,428.8,726.4,NA,NA,401.5,475.2
2004/2005,Murrumbidgee,NA,0.397294728,0.356516827,1.85737627,22.97479198,0.069975583,NA,NA,NA,231.6,219.0,15.1,NA,NA,423.9,677.0,NA,NA,369.5,485.3
2005/2006,Murrumbidgee,NA,0.402884767,0.425318911,1.88419765,22.525,0.06528724,NA,NA,NA,235.3,247.2,16.2,NA,NA,408.8,567.4,NA,NA,357.2,509.7
2006/2007,Murrumbidgee,NA,0.37944785,0.329699635,1.912985977,30.97213424,0.1125,NA,NA,NA,210.8,185.1,17.049999999999997,NA,NA,343.1,466.1,NA,NA,327.0,421.8
2007/2008,Murrumbidgee,NA,0.333585536,0.281470131,1.853612704,23.98172095,0.073245554,NA,NA,NA,191.5,195.3,16.45,NA,NA,361.8,537.2,NA,NA,400.6,484.8
2008/2009,Murrumbidgee,NA,0.291864725,0.277359105,1.959606794,23.44360804,0.110965263,NA,NA,NA,207.2,210.7,16.299999999999997,NA,NA,400.7,446.9,NA,NA,374.6,465.7
2009/2010,Murrumbidgee,NA,0.314584378,0.243323246,2.112777938,22.36666667,0.066666667,NA,NA,NA,193.4,189.4,16.95,NA,NA,371.9,435.1,NA,NA,352.8,446.1
2010/2011,Murrumbidgee,NA,0.294450945,0.313419672,1.827494393,14.48333333,0.064283655,NA,NA,NA,212.3,216.4,17.05,NA,NA,362.1,454.3,NA,NA,433.8,520.0
2011/2012,Murrumbidgee,NA,0.289187465,0.280703633,1.761114718,22.11909139,0.045454545,0.9,NA,NA,213.1,238.7,16.4,19.9,35.0,373.1,428.5,9.3,10.6,345.9,504.5
2012/2013,Murrumbidgee,NA,0.154949799,0.354812896,1.963496819,21.14797918,0.058333333,0.9,NA,NA,220.8,214.8,16.0,19.7,33.8,370.7,405.5,9.2,8.0,340.5,438.9
2013/2014,Murrumbidgee,NA,0.138776145,0.366569553,2.050154654,21.63404586,0.1,0.925,NA,NA,261.7,218.7,18.0,21.5,35.8,408.9,409.9,8.8,6.9,342.3,459.5
2014/2015,Murrumbidgee,NA,0.175515645,0.286453196,1.955223618,20.71732413,0.05,0.975,652.8,618.8,221.0,189.1,21.3,26.9,39.2,413.6,420.6,8.6,10.1,403.3,562.2
2015/2016,Murrumbidgee,NA,0.142709877,0.301990873,1.899084235,25.82917279,0.083333333,1.05,668.1,651.0,193.9,177.4,23.8,31.4,36.2,363.9,429.9,7.4,13.4,436.5,577.6
2016/2017,Murrumbidgee,NA,0.170911468,0.337211778,1.933791342,24.0773466,0.05,1.2000000000000002,749.9,729.6,248.7,198.5,24.05,28.2,31.9,394.9,431.0,7.9,16.7,470.3,536.3
2017/2018,Murrumbidgee,NA,0.165138513,0.329148359,1.948036622,30.79897102,0.075,1.3250000000000002,653.7,557.8,226.9,163.7,21.7,23.0,35.8,382.3,431.7,8.7,11.8,498.7,590.3
2018/2019,Murrumbidgee,NA,0.195484941,0.326116258,1.887140038,29.250467,0.083333333,1.425,670.5,501.0,229.5,155.8,NA,27.9,38.2,381.3,432.1,9.2,8.2,487.7,574.7
2019/2020,Murrumbidgee,NA,0.234756244,0.365028189,2.093052094,27.416068,0.041666667,1.425,640.3,478.0,179.1,110.5,NA,29.0,34.7,351.7,395.6,8.0,6.3,479.1,509.6
2020/2021,Murrumbidgee,NA,0.201274704,0.328970058,1.801720241,29.48837935,0.016666667,1.35,607.9,458.9,143.2,93.6,NA,24.8,34.3,260.4,297.5,5.8,5.2,262.2,377.6
2021/2022,Murrumbidgee,NA,0.153935263,0.267219166,1.804022983,23.69666913,0.033333333,NA,582.8,463.2,191.0,103.4,NA,NA,NA,252.3,241.4,NA,NA,NA,NA
2022/2023,Murrumbidgee,NA,0.159743323,0.308389221,1.833264156,26.7166107,0.041666667,NA,761.7,651.8,NA,NA,NA,NA,NA,NA,NA,NA,NA,NA,NA
2023/2024,Murrumbidgee,NA,0.184818631,0.3845924,1.928320407,27.80818201,0.075,NA,NA,NA,NA,NA,NA,NA,NA,NA,NA,NA,NA,NA,NA
2000/2001,Nepean Blue Mountains,0.063271955,0.48041286,0.593169315,1.754083878,16.19279961,0.080514341,NA,NA,NA,NA,NA,NA,NA,NA,NA,NA,NA,NA,NA,NA
2001/2002,Nepean Blue Mountains,0.091256669,0.46926021,0.557536133,1.86626712,16.96977719,0.070369388,NA,NA,NA,156.1,161.1,NA,NA,NA,196.5,379.6,NA,NA,263.9,410.2
2002/2003,Nepean Blue Mountains,0.166995893,0.524477924,0.596632936,1.97927048,20.34970091,0.06967674,NA,NA,NA,140.8,134.7,NA,NA,NA,237.8,347.6,NA,NA,293.1,344.1
2003/2004,Nepean Blue Mountains,0.13601051,0.451990617,0.577274485,1.900332675,18.92486117,0.061275771,NA,NA,NA,133.2,135.2,15.95,NA,NA,222.7,307.2,NA,NA,290.7,362.0
2004/2005,Nepean Blue Mountains,0.089726944,0.394499581,0.536513777,1.949851611,16.47916667,0.076463185,NA,NA,NA,168.0,175.5,14.5,NA,NA,239.6,290.6,NA,NA,276.0,364.9
2005/2006,Nepean Blue Mountains,0.080292253,0.366911579,0.545330276,1.908215261,16.6625,0.054723333,NA,NA,NA,172.2,174.7,13.5,NA,NA,222.2,315.5,NA,NA,253.4,341.5
2006/2007,Nepean Blue Mountains,0.074572597,0.399873101,0.543640344,1.995787227,17.78670587,0.06164793,NA,NA,NA,180.8,198.7,13.75,NA,NA,267.4,358.9,NA,NA,262.6,344.1
2007/2008,Nepean Blue Mountains,0.036891185,0.302114184,0.475408704,1.886148436,14.125,0.034232375,NA,NA,NA,178.8,179.5,15.0,NA,NA,227.9,351.1,NA,NA,320.1,447.8
2008/2009,Nepean Blue Mountains,0.066108657,0.256445561,0.46208524,1.965359118,15.69583333,0.032869666,NA,NA,NA,176.7,193.9,16.15,NA,NA,243.7,288.9,NA,NA,251.5,340.9
2009/2010,Nepean Blue Mountains,0.150670728,0.293349017,0.467044983,1.95265561,17.18382841,0.031021782,NA,NA,NA,189.9,182.3,17.45,NA,NA,222.3,280.6,NA,NA,244.1,325.6
2010/2011,Nepean Blue Mountains,0.082944043,0.181802245,0.436818194,1.804790965,13.06666667,0.06772247,NA,NA,NA,150.2,174.9,18.7,NA,NA,244.9,285.0,NA,NA,312.5,413.6
2011/2012,Nepean Blue Mountains,0.092482912,0.219764291,0.491245566,1.7592003,13.15454545,0.061589842,1.0,NA,NA,156.1,163.4,17.75,26.3,28.6,238.3,299.9,10.9,11.8,294.6,372.1
2012/2013,Nepean Blue Mountains,0.160961471,0.17647787,0.477470595,1.919795416,16.16666667,0.054501969,0.925,NA,NA,160.4,180.3,16.450000000000003,26.9,30.7,221.9,275.9,10.8,12.2,268.0,329.0
2013/2014,Nepean Blue Mountains,0.124655741,0.201323366,0.475670411,2.066816188,16.71072247,0.036600782,0.95,NA,NA,174.8,172.9,15.4,26.4,33.0,235.6,296.9,9.6,10.2,274.9,342.5
2014/2015,Nepean Blue Mountains,0.085368258,0.210391607,0.440610985,1.994593227,15.15299638,0.028445744,1.0,447.0,379.1,188.8,176.4,14.65,28.4,35.2,241.1,289.6,9.7,11.6,320.3,392.5
2015/2016,Nepean Blue Mountains,0.072887352,0.214004294,0.434917569,1.979575934,16.13333333,0.0167664,1.0,400.1,347.5,186.8,166.3,15.55,27.7,39.4,237.6,285.6,13.2,14.0,326.5,391.9
2016/2017,Nepean Blue Mountains,0.099769325,0.231661502,0.425546419,1.951418075,16.00865157,0.054771528,1.15,439.7,365.9,181.8,160.3,16.65,27.1,40.6,277.6,301.6,14.9,12.4,301.2,372.5
2017/2018,Nepean Blue Mountains,0.159851536,0.232779134,0.447038636,2.139188284,18.52649222,0.067563239,1.2,397.1,320.8,161.5,150.3,17.6,26.4,33.3,271.7,271.9,11.4,12.9,386.6,479.6
2018/2019,Nepean Blue Mountains,0.138188094,0.238529509,0.433921703,2.081548903,19.05254689,0.044570622,1.075,406.2,332.5,197.8,143.1,NA,24.3,27.1,247.4,224.9,9.4,13.0,370.6,425.4
2019/2020,Nepean Blue Mountains,0.185243718,0.202956796,0.383082049,2.289536208,19.24612815,0.027525184,0.775,366.3,275.4,138.1,109.2,NA,21.9,25.0,209.6,207.6,8.0,12.0,354.3,376.5
2020/2021,Nepean Blue Mountains,0.108396499,0.198137532,0.318661602,1.863522474,14.90014722,0.028907288,0.55,268.0,235.1,119.1,94.1,NA,20.1,22.4,141.0,132.4,6.3,9.0,182.8,247.3
2021/2022,Nepean Blue Mountains,0.106571609,0.170640123,0.279865369,1.818205978,12.85732133,0.028725834,NA,271.6,236.5,113.1,85.1,NA,NA,NA,122.5,160.6,NA,NA,NA,NA
2022/2023,Nepean Blue Mountains,0.038761116,0.175812497,0.334188033,1.872412762,12.35479437,0.025035325,NA,291.9,260.8,NA,NA,NA,NA,NA,NA,NA,NA,NA,NA,NA
2023/2024,Nepean Blue Mountains,0.064388626,0.190289286,0.430313641,2.100313879,15.62691979,0.022274509,NA,NA,NA,NA,NA,NA,NA,NA,NA,NA,NA,NA,NA,NA
2000/2001,Northern Sydney,0.176577288,0.865692992,1.138042691,1.379268064,14.78333333,0.06429033,NA,NA,NA,NA,NA,NA,NA,NA,NA,NA,NA,NA,NA,NA
2001/2002,Northern Sydney,0.155487026,0.826139521,1.074029721,1.509959037,15.49614841,0.063858114,NA,NA,NA,110.2,119.9,NA,NA,NA,127.8,160.9,NA,NA,186.8,248.5
2002/2003,Northern Sydney,0.187163495,0.823243275,1.140710617,1.493339202,18.83755904,0.066225223,NA,NA,NA,92.7,110.1,NA,NA,NA,112.8,129.2,NA,NA,179.8,247.3
2003/2004,Northern Sydney,0.165105192,0.803708744,1.13503124,1.460946236,17.36060694,0.051986692,NA,NA,NA,91.7,121.9,10.9,NA,NA,106.9,134.4,NA,NA,204.1,251.5
2004/2005,Northern Sydney,0.16138029,0.747843191,1.020438246,1.537644765,15.50283375,0.053696083,NA,NA,NA,114.5,148.7,10.9,NA,NA,104.7,142.2,NA,NA,199.4,264.3
2005/2006,Northern Sydney,0.176750691,0.760729772,1.063669728,1.471780083,15.88249639,0.040671694,NA,NA,NA,102.7,128.8,10.95,NA,NA,96.1,127.8,NA,NA,191.7,242.9
2006/2007,Northern Sydney,0.152332995,0.70215323,0.978323896,1.576484973,16.42317297,0.062332997,NA,NA,NA,114.5,134.9,11.6,NA,NA,91.7,117.1,NA,NA,164.1,240.2
2007/2008,Northern Sydney,0.140940278,0.638199774,0.937194094,1.46245454,14.1266721,0.048945244,NA,NA,NA,104.9,143.1,12.1,NA,NA,111.5,142.4,NA,NA,197.3,280.1
2008/2009,Northern Sydney,0.159523026,0.477387187,0.834003058,1.584139051,15.86666667,0.02272335,NA,NA,NA,111.0,149.1,12.15,NA,NA,104.3,127.0,NA,NA,208.1,268.7
2009/2010,Northern Sydney,0.145834392,0.473774794,0.883756865,1.663043004,16.53396349,0.042196534,NA,NA,NA,109.8,162.7,12.65,NA,NA,106.4,127.5,NA,NA,200.7,247.1
2010/2011,Northern Sydney,0.168260935,0.521398996,0.809504021,1.49284903,12.825,0.016182121,NA,NA,NA,98.0,145.1,13.8,NA,NA,113.3,123.4,NA,NA,217.9,267.0
2011/2012,Northern Sydney,0.12867435,0.534618496,0.866978791,1.446819845,12.98181818,0.043266395,0.4,NA,NA,113.3,159.2,15.3,11.6,17.6,116.7,133.2,9.5,8.8,237.8,283.3
2012/2013,Northern Sydney,0.103973478,0.414620062,0.810959285,1.599221332,14.33333333,0.064654654,0.35,NA,NA,122.5,160.8,16.799999999999997,10.8,17.1,105.4,123.1,8.1,8.6,199.5,241.3
2013/2014,Northern Sydney,0.140321569,0.361197438,0.812645153,1.65902604,14.08333333,0.056920276,0.4,NA,NA,135.1,167.3,17.45,11.5,14.8,106.9,127.0,7.2,9.0,197.4,257.5
2014/2015,Northern Sydney,0.127040388,0.347910016,0.77742311,1.709914487,13.95833333,0.028433736,0.55,221.3,283.0,111.2,127.3,16.3,12.3,14.3,120.8,128.0,8.7,9.2,264.6,306.7
2015/2016,Northern Sydney,0.123319149,0.343913877,0.736340378,1.702144344,15.6,0.046163675,0.6499999999999999,211.7,263.9,117.3,127.2,15.3,12.6,14.0,116.0,138.7,9.6,8.4,274.3,334.9
2016/2017,Northern Sydney,0.113257386,0.395882447,0.754349542,1.741064943,15.58333333,0.055426177,0.625,215.5,243.2,124.4,124.4,15.2,12.1,14.0,109.3,112.2,11.9,10.5,261.8,319.8
2017/2018,Northern Sydney,0.117443697,0.34656841,0.705003906,1.900933447,16.85833333,0.064202318,0.45,195.6,216.7,100.3,101.2,14.75,11.0,12.2,102.9,115.4,11.1,11.5,306.0,382.4
2018/2019,Northern Sydney,0.124790182,0.394380004,0.79659049,1.841935098,17.80446779,0.078779205,0.3,195.0,223.0,116.3,118.1,NA,10.1,11.0,93.4,115.8,9.1,9.5,302.4,357.5
2019/2020,Northern Sydney,0.151504642,0.361725946,0.790532653,1.903985446,18.07867788,0.051149054,0.3,169.1,183.5,95.9,84.4,NA,8.8,11.0,78.9,95.9,8.2,7.8,288.3,338.1
2020/2021,Northern Sydney,0.161586312,0.399854312,0.668218928,1.693535649,14.69485869,0.027358977,0.35,129.6,146.1,74.5,69.9,NA,7.9,11.5,58.1,66.3,5.7,6.3,136.4,182.5
2021/2022,Northern Sydney,0.177874996,0.345696854,0.571274761,1.686109647,12.78593803,0.020210186,NA,119.7,131.2,61.7,58.3,NA,NA,NA,56.1,65.5,NA,NA,NA,NA
2022/2023,Northern Sydney,0.025,0.503899463,0.644599928,1.700327854,11.92303911,0.048204692,NA,146.9,163.4,NA,NA,NA,NA,NA,NA,NA,NA,NA,NA,NA
2023/2024,Northern Sydney,0.0375,0.467736611,0.727352408,1.723651887,14.84814992,0.066621283,NA,NA,NA,NA,NA,NA,NA,NA,NA,NA,NA,NA,NA,NA
2000/2001,South Eastern Sydney,0.304676666,3.803859664,1.729373979,1.108267342,18.325,0.101417368,NA,NA,NA,NA,NA,NA,NA,NA,NA,NA,NA,NA,NA,NA
2001/2002,South Eastern Sydney,0.278797998,3.689956986,1.660899612,1.204390036,17.83092194,0.102282803,NA,NA,NA,146.1,167.6,NA,NA,NA,151.6,255.2,NA,NA,210.7,282.0
2002/2003,South Eastern Sydney,0.369875096,3.984829298,1.710919748,1.190316003,22.16041373,0.114978743,NA,NA,NA,130.5,149.8,NA,NA,NA,138.2,271.2,NA,NA,228.4,292.5
2003/2004,South Eastern Sydney,0.326744025,3.77014684,1.825344452,1.21565879,20.25,0.103757352,NA,NA,NA,123.9,136.2,13.0,NA,NA,147.3,231.4,NA,NA,224.7,301.1
2004/2005,South Eastern Sydney,0.283285557,3.446911795,1.659404866,1.253186454,18.90898561,0.099434984,NA,NA,NA,148.7,150.1,12.9,NA,NA,136.4,229.2,NA,NA,207.4,281.8
2005/2006,South Eastern Sydney,0.27552799,3.530095988,1.653308683,1.291832782,18.55833333,0.102818201,NA,NA,NA,152.1,148.8,11.85,NA,NA,126.7,192.6,NA,NA,188.8,270.1
2006/2007,South Eastern Sydney,0.305748361,3.745674966,1.547372434,1.168019034,19.45,0.108287466,NA,NA,NA,137.7,163.0,10.15,NA,NA,115.3,203.0,NA,NA,184.8,262.9
2007/2008,South Eastern Sydney,0.250052745,3.367930775,1.442306152,1.23586636,17.15833333,0.101863932,NA,NA,NA,153.6,155.6,9.0,NA,NA,130.0,220.0,NA,NA,215.5,276.0
2008/2009,South Eastern Sydney,0.280760049,3.335259448,1.452944032,1.29008323,19.75833333,0.103378819,NA,NA,NA,140.6,140.0,9.2,NA,NA,131.2,202.4,NA,NA,187.0,256.9
2009/2010,South Eastern Sydney,0.257668556,3.008613296,1.40778863,1.504347009,19.37916667,0.106749978,NA,NA,NA,157.3,145.7,10.4,NA,NA,110.5,172.8,NA,NA,201.4,258.6
2010/2011,South Eastern Sydney,0.170820116,2.476702582,1.298261372,1.323103516,15.16666667,0.0803918,NA,NA,NA,118.0,139.6,13.1,NA,NA,116.1,170.4,NA,NA,195.9,260.5
2011/2012,South Eastern Sydney,0.238468226,3.274786522,1.467497202,1.20477592,16.19090909,0.111480234,0.6,NA,NA,139.1,135.8,13.65,11.9,18.8,134.3,171.8,6.0,8.0,224.0,304.6
2012/2013,South Eastern Sydney,0.258779158,3.159776454,1.364080226,1.280845229,18.80833333,0.119005286,0.575,NA,NA,125.0,140.9,12.05,13.1,21.5,121.5,164.7,5.9,7.2,194.9,258.9
2013/2014,South Eastern Sydney,0.256428231,3.126258905,1.418650844,1.311072074,19.05,0.118308481,0.525,NA,NA,142.4,146.5,9.95,13.9,22.1,122.7,167.4,6.4,8.0,195.9,240.2
2014/2015,South Eastern Sydney,0.247622571,2.983694988,1.422863153,1.338054393,18.9,0.112179723,0.5,279.4,308.4,127.6,145.4,9.15,13.6,20.3,123.3,154.2,7.0,8.5,251.1,309.0
2015/2016,South Eastern Sydney,0.260360834,3.07973087,1.467131481,1.310538463,18.19166667,0.117527504,0.55,253.3,274.9,121.2,118.6,9.45,14.1,18.1,125.6,150.1,5.9,8.5,231.1,291.4
2016/2017,South Eastern Sydney,0.256534123,2.897791342,1.434676103,1.384755324,18.375,0.110121997,0.6499999999999999,250.0,269.2,114.4,116.0,9.2,15.8,19.4,122.2,161.8,8.0,9.8,247.0,316.0
2017/2018,South Eastern Sydney,0.277671896,2.758155755,1.448040512,1.428517307,20.16666667,0.123136846,0.675,216.3,234.7,107.6,110.3,10.35,15.2,18.5,119.1,142.0,8.2,9.5,300.0,351.5
2018/2019,South Eastern Sydney,0.326036216,2.947545236,1.569616595,1.364107579,21.125,0.119253921,0.65,240.7,237.8,124.5,119.1,NA,13.9,14.6,117.9,140.7,6.6,8.4,316.5,368.3
2019/2020,South Eastern Sydney,0.296139127,2.541666667,1.483333333,1.495134696,21.39583333,0.107856632,0.6000000000000001,230.7,205.6,105.6,95.5,NA,14.1,16.1,105.7,136.5,5.8,6.4,296.7,337.9
2020/2021,South Eastern Sydney,0.255892252,2.45021977,1.331017426,1.390857735,17.45833333,0.099811588,0.55,178.3,174.3,75.3,69.7,NA,12.0,16.2,65.0,91.8,4.2,5.2,135.0,187.1
2021/2022,South Eastern Sydney,0.160159624,2.100257977,1.141072079,1.391395282,15.30833333,0.098711569,NA,180.9,158.6,81.3,74.5,NA,NA,NA,62.4,75.6,NA,NA,NA,NA
2022/2023,South Eastern Sydney,0.191666667,2.408333333,1.279166667,1.358333333,14.69166667,0.1,NA,218.0,190.0,NA,NA,NA,NA,NA,NA,NA,NA,NA,NA,NA
2023/2024,South Eastern Sydney,0.241666667,2.925,1.311027837,1.279166667,17.55833333,0.104681956,NA,NA,NA,NA,NA,NA,NA,NA,NA,NA,NA,NA,NA,NA
2000/2001,South Western Sydney,0.273504187,1.176075862,0.953321844,1.719624709,16.99028059,0.054728359,NA,NA,NA,NA,NA,NA,NA,NA,NA,NA,NA,NA,NA,NA
2001/2002,South Western Sydney,0.269290584,1.19110546,0.935658684,1.777583716,18.05170673,0.055412519,NA,NA,NA,158.5,162.4,NA,NA,NA,222.3,370.2,NA,NA,218.9,343.3
2002/2003,South Western Sydney,0.267953507,1.203493349,0.99682345,1.871320019,22.70139316,0.061616127,NA,NA,NA,140.8,156.5,NA,NA,NA,221.0,347.9,NA,NA,249.7,326.7
2003/2004,South Western Sydney,0.270027171,1.126094832,0.937278636,1.883954443,20.83377041,0.056640365,NA,NA,NA,138.8,139.6,15.75,NA,NA,230.6,315.1,NA,NA,252.7,342.7
2004/2005,South Western Sydney,0.231737651,1.011751407,0.87281645,1.838440264,18.6229091,0.050708773,NA,NA,NA,142.0,149.4,13.8,NA,NA,216.5,318.8,NA,NA,237.5,302.8
2005/2006,South Western Sydney,0.223962578,0.95126211,0.856205785,1.825911506,19.22930739,0.055582242,NA,NA,NA,138.1,179.8,12.8,NA,NA,202.9,298.0,NA,NA,234.6,255.1
2006/2007,South Western Sydney,0.223417306,1.011130242,0.882300624,1.874481447,19.87188911,0.056999853,NA,NA,NA,164.9,177.7,13.1,NA,NA,203.5,303.9,NA,NA,218.2,270.3
2007/2008,South Western Sydney,0.172632515,0.863493746,0.759472199,1.697824397,16.34839419,0.044827283,NA,NA,NA,161.1,170.5,14.3,NA,NA,243.3,295.3,NA,NA,248.2,301.5
2008/2009,South Western Sydney,0.199969445,0.755578217,0.745063071,1.838130915,18.33622326,0.052904874,NA,NA,NA,157.5,174.0,15.25,NA,NA,238.7,300.1,NA,NA,218.1,300.6
2009/2010,South Western Sydney,0.273067121,0.749719827,0.75858584,1.878410234,19.0617912,0.047270094,NA,NA,NA,178.9,183.7,15.55,NA,NA,219.0,276.6,NA,NA,236.4,280.4
2010/2011,South Western Sydney,0.258621899,0.624999141,0.66948084,1.75846938,15.65815128,0.039726999,NA,NA,NA,155.3,170.5,15.7,NA,NA,190.1,270.0,NA,NA,231.2,296.2
2011/2012,South Western Sydney,0.255924556,0.809104215,0.752699855,1.612339077,16.23157562,0.040897457,0.75,NA,NA,187.2,204.8,16.4,19.6,29.0,233.4,282.8,4.2,7.1,268.9,332.4
2012/2013,South Western Sydney,0.216743074,0.678319308,0.712197042,1.741713381,17.6375,0.046146665,0.725,NA,NA,167.1,175.2,16.7,19.6,30.2,208.4,288.8,4.7,8.0,235.9,295.5
2013/2014,South Western Sydney,0.252210839,0.70389208,0.744542764,1.804748123,18.12783422,0.049838393,0.725,NA,NA,171.4,174.0,15.0,19.0,31.9,195.0,268.4,5.7,7.7,237.2,291.0
2014/2015,South Western Sydney,0.237809992,0.606250846,0.680951438,1.820782008,16.35625,0.038214131,0.75,341.8,364.8,183.6,178.8,11.7,19.0,29.3,191.1,256.2,6.3,7.5,297.4,339.4
2015/2016,South Western Sydney,0.233669195,0.620532641,0.74046015,1.789628853,17.24791667,0.042375323,0.875,335.1,366.2,165.6,181.0,10.7,21.3,29.5,213.2,265.2,8.0,8.2,308.9,361.2
2016/2017,South Western Sydney,0.230591084,0.618461267,0.721765722,1.851354296,17.17291667,0.048242652,1.025,331.8,322.1,184.5,167.7,12.5,22.1,33.6,221.0,275.6,8.9,9.6,328.5,386.1
2017/2018,South Western Sydney,0.226842468,0.647356845,0.805890052,1.944652194,20.64375,0.051921837,1.1,292.5,280.8,177.3,150.1,13.35,20.5,28.7,229.3,244.7,8.6,9.6,378.6,434.3
2018/2019,South Western Sydney,0.201065123,0.697345454,0.799466175,1.907374744,20.08541667,0.058073856,1.025,306.8,311.3,168.3,171.9,NA,19.1,23.4,215.7,257.5,7.7,9.9,358.4,413.1
2019/2020,South Western Sydney,0.198667389,0.63494729,0.771437678,1.959785721,20.50016934,0.048484401,0.8500000000000001,268.3,240.6,143.8,125.2,NA,17.1,24.2,189.2,212.6,5.9,8.7,326.3,384.7
2020/2021,South Western Sydney,0.142391041,0.655122298,0.556299195,1.871245361,16.50625,0.034264366,0.8,220.6,211.7,104.8,100.9,NA,15.4,23.3,113.5,151.1,4.8,6.3,176.4,233.6
2021/2022,South Western Sydney,0.102136741,0.589383224,0.485055332,1.736121473,13.8375,0.030010611,NA,217.2,207.4,98.9,96.7,NA,NA,NA,105.2,127.0,NA,NA,NA,NA
2022/2023,South Western Sydney,0.10073034,0.64274897,0.510609108,1.797856521,13.89304596,0.037081531,NA,250.3,248.3,NA,NA,NA,NA,NA,NA,NA,NA,NA,NA,NA
2023/2024,South Western Sydney,0.116119418,0.651477375,0.656282933,1.850868544,17.64389342,0.046617482,NA,NA,NA,NA,NA,NA,NA,NA,NA,NA,NA,NA,NA,NA
2000/2001,Southern NSW,NA,0.39311783,0.561387316,2.007136695,NA,NA,NA,NA,NA,NA,NA,NA,NA,NA,NA,NA,NA,NA,NA,NA
2001/2002,Southern NSW,NA,0.354528948,0.552466314,2.036679493,NA,NA,NA,NA,NA,192.9,160.5,NA,NA,NA,237.0,356.9,NA,NA,271.7,350.9
2002/2003,Southern NSW,NA,0.387437216,0.644283359,2.107160199,NA,NA,NA,NA,NA,143.9,125.3,NA,NA,NA,227.6,357.4,NA,NA,299.9,376.0
2003/2004,Southern NSW,NA,0.34256335,0.600947112,2.084727142,NA,NA,NA,NA,NA,164.4,120.7,12.6,NA,NA,206.3,337.1,NA,NA,292.5,397.7
2004/2005,Southern NSW,NA,0.316854281,0.492947635,2.120181843,NA,NA,NA,NA,NA,171.4,110.8,13.35,NA,NA,249.5,342.5,NA,NA,275.5,371.6
2005/2006,Southern NSW,NA,0.276938486,0.540217829,1.941604641,NA,NA,NA,NA,NA,159.4,108.8,16.8,NA,NA,246.6,286.6,NA,NA,238.2,322.0
2006/2007,Southern NSW,NA,0.279544046,0.49720663,2.191357471,NA,NA,NA,NA,NA,145.1,119.6,19.4,NA,NA,190.2,260.6,NA,NA,249.4,298.6
2007/2008,Southern NSW,NA,0.27042482,0.392801907,1.964635551,NA,NA,NA,NA,NA,149.3,106.0,17.6,NA,NA,216.1,266.5,NA,NA,303.6,406.6
2008/2009,Southern NSW,NA,0.216917335,0.401712866,2.204183098,NA,NA,NA,NA,NA,158.2,119.3,14.0,NA,NA,264.9,246.3,NA,NA,317.0,391.8
2009/2010,Southern NSW,NA,0.233336444,0.428390862,2.213602368,NA,NA,NA,NA,NA,156.1,140.9,12.9,NA,NA,240.5,287.6,NA,NA,299.7,391.5
2010/2011,Southern NSW,NA,0.201608546,0.313646783,2.069740183,NA,NA,NA,NA,NA,134.3,145.7,14.15,NA,NA,234.9,307.8,NA,NA,395.9,456.5
2011/2012,Southern NSW,NA,0.245013036,0.324124679,1.842647181,NA,NA,0.75,NA,NA,151.7,151.0,14.75,21.8,37.0,279.6,336.3,8.7,15.9,313.1,432.4
2012/2013,Southern NSW,NA,0.231799183,0.377854835,1.915809165,NA,NA,0.95,NA,NA,138.9,153.5,13.35,22.4,33.2,269.5,294.0,8.7,14.2,296.5,362.3
2013/2014,Southern NSW,NA,0.237781031,0.41364931,2.069440037,NA,NA,1.025,NA,NA,134.7,125.8,12.8,29.2,29.3,226.1,249.9,9.9,12.7,278.1,354.1
2014/2015,Southern NSW,NA,0.218916514,0.359933121,2.158355669,NA,NA,0.9,428.6,403.3,122.4,111.4,12.75,32.9,33.4,219.1,267.0,8.8,13.0,315.8,371.9
2015/2016,Southern NSW,NA,0.213386894,0.354436638,2.126943222,NA,NA,0.875,465.2,414.6,125.5,104.9,12.9,28.6,33.4,224.7,289.5,8.6,9.7,347.7,414.9
2016/2017,Southern NSW,NA,0.224067641,0.388840146,2.14895143,NA,NA,0.8,476.8,453.7,129.3,129.1,13.3,27.4,36.0,261.3,308.4,13.3,15.0,391.8,451.2
2017/2018,Southern NSW,NA,0.19696095,0.363686232,2.311623591,NA,NA,0.7,445.1,425.0,153.0,133.9,13.0,30.8,38.9,313.5,353.1,11.3,16.2,440.0,505.3
2018/2019,Southern NSW,NA,0.198944597,0.366698085,2.154204503,NA,NA,0.625,560.6,427.8,144.9,160.1,NA,29.4,38.6,304.0,315.8,9.5,9.4,383.7,457.8
2019/2020,Southern NSW,NA,0.180430493,0.39254353,2.302080264,NA,NA,0.55,492.2,370.3,121.1,93.5,NA,24.0,35.4,251.0,272.4,8.0,7.4,344.0,425.4
2020/2021,Southern NSW,NA,0.2,0.341666667,2.041666667,NA,NA,0.5,375.0,331.7,93.0,73.2,NA,22.1,32.6,156.7,230.0,3.9,4.5,255.7,306.4
2021/2022,Southern NSW,NA,0.185739173,0.239701655,1.949675293,NA,NA,NA,390.5,310.5,99.1,47.6,NA,NA,NA,140.7,190.1,NA,NA,NA,NA
2022/2023,Southern NSW,NA,0.208333333,0.216666667,2.058333333,NA,NA,NA,440.6,418.8,NA,NA,NA,NA,NA,NA,NA,NA,NA,NA,NA
2023/2024,Southern NSW,NA,0.233333333,0.4,2.141666667,NA,NA,NA,NA,NA,NA,NA,NA,NA,NA,NA,NA,NA,NA,NA,NA
2000/2001,Sydney,0.237438239,1.858875856,1.472775177,1.329141517,19.17063822,0.03053465,NA,NA,NA,NA,NA,NA,NA,NA,NA,NA,NA,NA,NA,NA
2001/2002,Sydney,0.234654321,1.842629822,1.385429774,1.356822798,19.6045183,0.029923427,NA,NA,NA,148.8,150.9,NA,NA,NA,161.0,313.6,NA,NA,222.3,345.0
2002/2003,Sydney,0.248860332,1.83970454,1.389325723,1.335899696,23.66335419,0.040612245,NA,NA,NA,146.6,134.4,NA,NA,NA,150.9,282.3,NA,NA,219.4,349.1
2003/2004,Sydney,0.232670883,1.673848974,1.376548405,1.481383032,22.34716954,0.032120757,NA,NA,NA,134.5,144.8,11.2,NA,NA,176.0,298.8,NA,NA,221.1,362.4
2004/2005,Sydney,0.164567441,1.588530845,1.341395574,1.366307537,20.01038366,0.030947422,NA,NA,NA,134.2,151.7,11.95,NA,NA,150.3,326.7,NA,NA,214.7,364.8
2005/2006,Sydney,0.200783252,1.441817113,1.33150018,1.549043292,21.51041667,0.029251511,NA,NA,NA,125.7,150.7,12.85,NA,NA,137.7,283.7,NA,NA,201.7,285.2
2006/2007,Sydney,0.170601527,1.5502051,1.27027334,1.348253642,21.10416667,0.034050397,NA,NA,NA,153.6,149.1,13.55,NA,NA,148.3,275.6,NA,NA,184.1,301.6
2007/2008,Sydney,0.118201043,1.293299182,1.166891975,1.310193034,18.0375,0.028492615,NA,NA,NA,141.0,142.7,14.4,NA,NA,163.6,283.1,NA,NA,212.9,291.4
2008/2009,Sydney,0.147938589,1.233516366,1.123999848,1.375040993,20.15669504,0.032568601,NA,NA,NA,140.7,147.6,13.5,NA,NA,171.8,340.0,NA,NA,193.2,249.4
2009/2010,Sydney,0.215146278,1.058875112,1.080256469,1.457869574,19.83429425,0.034083945,NA,NA,NA,131.9,158.1,11.5,NA,NA,168.3,250.0,NA,NA,202.8,257.6
2010/2011,Sydney,0.182561949,0.955621553,1.028210086,1.519038679,16.9278303,0.021634371,NA,NA,NA,115.5,128.9,8.899999999999999,NA,NA,133.5,254.7,NA,NA,220.2,279.2
2011/2012,Sydney,0.213825125,1.102842725,1.136314226,1.495436681,17.02727273,0.026731717,0.8,NA,NA,148.6,136.4,8.75,14.0,26.5,150.3,270.0,7.2,9.2,220.1,311.6
2012/2013,Sydney,0.188157934,0.950614157,1.082943041,1.642413357,18.87916667,0.029182975,1.0,NA,NA,111.5,158.0,9.3,13.1,27.8,153.6,263.6,6.8,8.7,198.2,284.4
2013/2014,Sydney,0.14704189,0.895790607,1.072265539,1.572750108,19.09583333,0.029092826,1.075,NA,NA,122.0,150.4,8.95,10.5,31.1,149.1,279.0,5.2,9.0,203.5,265.8
2014/2015,Sydney,0.142158613,0.846561212,0.989978862,1.553116116,17.72916667,0.035321177,0.85,263.0,283.1,127.3,130.1,9.45,11.1,29.5,148.7,238.9,7.2,7.9,261.7,336.0
2015/2016,Sydney,0.174603346,0.910737111,1.003777957,1.453711092,17.1125,0.045833333,0.575,251.0,287.6,111.3,117.8,10.1,12.1,23.3,136.8,241.5,8.3,8.4,260.9,337.7
2016/2017,Sydney,0.133283228,0.903636757,1.056809497,1.466804863,17.3625,0.020833333,0.375,255.5,263.7,128.9,121.7,10.9,11.1,24.5,150.4,246.9,9.8,13.3,280.6,376.6
2017/2018,Sydney,0.093622542,0.883139774,1.060398989,1.513732106,19.00819355,0.038506627,0.425,208.6,229.5,108.7,118.8,10.3,10.9,26.0,149.2,236.8,8.9,13.9,319.9,419.7
2018/2019,Sydney,0.124103498,0.897503367,1.009526909,1.53298632,19.42916667,0.045833333,0.525,233.1,244.4,124.0,116.1,NA,11.3,23.4,162.2,240.1,8.2,12.1,281.5,384.0
2019/2020,Sydney,0.143766213,0.751834396,0.907348681,1.523932512,20.30332086,0.0375,0.6000000000000001,199.2,202.8,116.8,99.2,NA,10.0,20.2,146.6,204.0,6.9,9.8,297.2,382.0
2020/2021,Sydney,0.135597649,0.743314531,0.873356732,1.598568613,16.49583333,0.016666667,0.65,183.8,191.9,99.4,84.8,NA,9.8,21.6,80.5,140.6,4.0,6.0,172.8,221.6
2021/2022,Sydney,0.101416032,0.626840858,0.779641191,1.498413491,13.99583333,0.018657353,NA,159.1,160.1,86.8,68.6,NA,NA,NA,67.8,102.0,NA,NA,NA,NA
2022/2023,Sydney,0.097552236,0.640487871,0.827070975,1.547411275,13.57593279,0.018507682,NA,206.4,193.3,NA,NA,NA,NA,NA,NA,NA,NA,NA,NA,NA
2023/2024,Sydney,0.125,0.743613252,0.878074465,1.462551941,16.7,0.031513367,NA,NA,NA,NA,NA,NA,NA,NA,NA,NA,NA,NA,NA,NA
2000/2001,Western NSW,0.035700293,0.085054638,0.22092798,2.041319795,NA,NA,NA,NA,NA,NA,NA,NA,NA,NA,NA,NA,NA,NA,NA,NA
2001/2002,Western NSW,0.04134037,0.081290003,0.243682106,2.094129364,NA,NA,NA,NA,NA,309.5,260.5,NA,NA,NA,396.6,580.2,NA,NA,438.9,569.8
2002/2003,Western NSW,0.023467735,0.118674431,0.319744024,2.270257741,NA,NA,NA,NA,NA,257.7,228.8,NA,NA,NA,375.7,592.7,NA,NA,465.9,614.0
2003/2004,Western NSW,0.037720696,0.082396585,0.25745511,2.315314639,NA,NA,NA,NA,NA,276.2,229.8,19.75,NA,NA,422.3,563.3,NA,NA,478.0,658.9
2004/2005,Western NSW,0.024578518,0.107747841,0.23407825,2.232420898,NA,NA,NA,NA,NA,207.8,204.4,19.0,NA,NA,359.2,574.6,NA,NA,404.8,598.7
2005/2006,Western NSW,0.030812023,0.074181,0.240365536,2.150112448,NA,NA,NA,NA,NA,278.2,229.2,17.3,NA,NA,357.7,551.9,NA,NA,457.2,554.7
2006/2007,Western NSW,0.022066035,0.074883108,0.276517367,2.27500149,NA,NA,NA,NA,NA,205.8,164.9,15.45,NA,NA,329.1,444.5,NA,NA,344.8,488.2
2007/2008,Western NSW,0.012854775,0.112370385,0.218863809,2.075674327,NA,NA,NA,NA,NA,205.6,186.7,15.1,NA,NA,359.1,478.9,NA,NA,444.3,544.3
2008/2009,Western NSW,0.012108146,0.12465586,0.188977202,2.309569091,NA,NA,NA,NA,NA,163.5,178.6,17.15,NA,NA,320.0,544.7,NA,NA,437.0,504.7
2009/2010,Western NSW,0.014739239,0.127192094,0.247724611,2.22580742,NA,NA,NA,NA,NA,159.0,159.4,20.1,NA,NA,354.3,483.9,NA,NA,408.0,553.1
2010/2011,Western NSW,0.049625047,0.027613636,0.157435704,1.986167276,NA,NA,NA,NA,NA,189.5,160.8,20.4,NA,NA,357.3,410.1,NA,NA,491.8,531.6
2011/2012,Western NSW,0.01714525,0.086916508,0.223945246,1.906996431,NA,NA,1.0,NA,NA,163.5,146.5,19.85,25.2,47.0,328.8,409.7,9.4,7.7,429.0,511.8
2012/2013,Western NSW,0.0068413,0.153559074,0.215050857,2.034429212,NA,NA,1.075,NA,NA,156.0,137.2,18.3,27.1,46.1,338.7,416.4,7.7,7.9,369.9,507.8
2013/2014,Western NSW,0.005681961,0.14583668,0.218394742,2.192931166,NA,NA,1.275,NA,NA,133.6,97.3,17.15,27.3,46.8,358.8,374.1,5.8,11.6,385.5,427.1
2014/2015,Western NSW,0.003785785,0.149165477,0.173631391,2.242703419,NA,NA,1.4,459.5,376.7,144.2,116.5,15.65,31.1,48.7,369.0,376.1,8.7,9.3,398.0,483.2
2015/2016,Western NSW,0.004792967,0.096166248,0.222789625,2.219448572,NA,NA,1.25,564.2,562.7,134.8,121.7,14.1,40.1,52.5,333.0,375.6,12.2,9.8,451.6,545.3
2016/2017,Western NSW,0.003296048,0.060464239,0.201545077,2.187092979,NA,NA,1.2000000000000002,728.9,646.5,144.2,137.6,12.85,46.4,57.4,345.9,380.9,14.8,15.5,490.2,599.5
2017/2018,Western NSW,0.001401934,0.055301935,0.251631342,2.346973278,NA,NA,1.25,579.0,496.8,125.3,116.2,12.4,38.8,53.5,381.7,391.3,11.5,14.1,476.2,565.2
2018/2019,Western NSW,0.0,0.152226737,0.27436504,2.263526654,NA,NA,1.2999999999999998,609.0,493.8,124.6,105.5,NA,32.0,44.4,347.4,320.3,11.9,12.9,463.4,487.4
2019/2020,Western NSW,0.005857993,0.18992621,0.301065971,2.411665509,NA,NA,1.325,586.8,443.0,157.3,101.6,NA,32.0,39.5,333.0,346.5,9.8,11.4,435.9,458.9
2020/2021,Western NSW,0.010342008,0.081591614,0.240002058,2.122618692,NA,NA,1.25,578.6,521.1,86.9,95.3,NA,31.0,37.6,269.5,274.3,4.8,8.6,289.3,338.9
2021/2022,Western NSW,0.000176354,0.075388981,0.183114196,2.009218071,NA,NA,NA,619.8,502.3,90.8,82.3,NA,NA,NA,261.5,225.6,NA,NA,NA,NA
2022/2023,Western NSW,0.00239176,0.061372808,0.212797071,2.081559109,NA,NA,NA,620.9,575.8,NA,NA,NA,NA,NA,NA,NA,NA,NA,NA,NA
2023/2024,Western NSW,0.0,0.05641406,0.26096189,2.258767748,NA,NA,NA,NA,NA,NA,NA,NA,NA,NA,NA,NA,NA,NA,NA,NA
2000/2001,Western Sydney,0.255121248,1.428937715,1.215753197,1.457889674,NA,0.129649331,NA,NA,NA,NA,NA,NA,NA,NA,NA,NA,NA,NA,NA,NA
2001/2002,Western Sydney,0.231884165,1.296441276,1.14014667,1.571058809,NA,0.133829597,NA,NA,NA,135.7,143.6,NA,NA,NA,199.8,308.5,NA,NA,226.2,311.1
2002/2003,Western Sydney,0.259315858,1.369480952,1.181248078,1.649483467,NA,0.156503229,NA,NA,NA,137.4,116.6,NA,NA,NA,188.3,313.7,NA,NA,213.3,299.1
2003/2004,Western Sydney,0.259891424,1.276655468,1.141349404,1.614654996,NA,0.146030571,NA,NA,NA,116.0,114.9,15.55,NA,NA,192.6,296.2,NA,NA,235.2,317.1
2004/2005,Western Sydney,0.233558124,1.338032847,1.102461922,1.636003692,NA,0.098715181,NA,NA,NA,123.0,104.4,14.3,NA,NA,173.3,296.5,NA,NA,224.3,283.7
2005/2006,Western Sydney,0.224746719,1.082676234,1.076044327,1.635290464,NA,0.115068679,NA,NA,NA,113.5,121.4,13.1,NA,NA,171.6,294.8,NA,NA,215.1,291.7
2006/2007,Western Sydney,0.223778062,1.141583132,1.061012813,1.652092567,NA,0.114037558,NA,NA,NA,132.9,152.3,12.15,NA,NA,182.9,289.1,NA,NA,222.9,291.3
2007/2008,Western Sydney,0.174028618,0.979789962,1.002500623,1.511682971,NA,0.085127001,NA,NA,NA,152.9,142.5,10.6,NA,NA,168.7,283.9,NA,NA,223.5,311.6
2008/2009,Western Sydney,0.202193474,0.946233148,0.972885043,1.625631756,NA,0.090415024,NA,NA,NA,164.6,170.7,9.2,NA,NA,203.3,277.2,NA,NA,235.2,304.6
2009/2010,Western Sydney,0.260585583,0.891717302,0.951061442,1.770909577,NA,0.106612325,NA,NA,NA,166.7,180.2,9.55,NA,NA,185.7,279.1,NA,NA,222.7,317.2
2010/2011,Western Sydney,0.19239124,0.80792411,0.931244397,1.54070716,NA,0.107659144,NA,NA,NA,134.9,154.1,11.85,NA,NA,198.4,259.2,NA,NA,238.2,305.7
2011/2012,Western Sydney,0.210334248,0.919920757,1.026295795,1.446314828,NA,0.082914878,0.8,NA,NA,164.9,166.6,14.75,16.8,26.2,195.4,258.3,8.3,11.9,255.0,348.0
2012/2013,Western Sydney,0.196172607,0.713136242,0.96229859,1.647888512,NA,0.09931257,0.825,NA,NA,154.3,160.5,15.85,16.0,27.1,203.8,278.5,8.2,8.7,243.2,301.8
2013/2014,Western Sydney,0.1708191,0.852594055,0.983428297,1.727905159,NA,0.07933081,0.825,NA,NA,180.9,180.9,14.25,16.3,30.6,199.2,268.9,9.4,8.0,262.5,330.3
2014/2015,Western Sydney,0.178954309,0.815664229,0.926827836,1.726750657,NA,0.066216701,0.9,307.1,321.1,178.4,177.7,10.8,16.3,31.9,207.1,288.3,8.3,9.0,302.3,335.9
2015/2016,Western Sydney,0.145083707,0.652673837,0.932406716,1.683882689,NA,0.071587307,1.0,305.7,312.8,186.6,161.5,7.1,18.2,30.3,218.4,260.3,8.0,8.9,297.6,344.5
2016/2017,Western Sydney,0.156860358,0.67397964,0.888568531,1.716075035,NA,0.07294247,1.025,298.5,307.5,168.3,154.4,7.2,19.0,29.3,211.8,269.6,10.4,10.6,291.9,351.9
2017/2018,Western Sydney,0.153418001,0.835728334,0.886008443,1.84692167,NA,0.073144011,0.9,271.3,263.4,170.6,148.8,9.6,16.5,23.9,217.1,222.9,8.6,9.3,351.0,413.8
2018/2019,Western Sydney,0.160695855,0.801943833,0.900827465,1.814704102,NA,0.078481097,0.725,279.2,257.9,184.4,150.2,NA,16.0,23.2,208.9,249.2,8.3,9.5,362.4,397.2
2019/2020,Western Sydney,0.21386108,0.810472659,0.773434486,1.98350445,NA,0.095470859,0.675,244.8,203.2,161.8,117.6,NA,13.5,24.5,193.5,204.9,7.2,9.2,311.1,365.6
2020/2021,Western Sydney,0.1875,0.68125,0.75625,1.720833333,NA,0.071053086,0.65,184.8,188.5,132.3,137.7,NA,13.8,20.7,131.7,161.5,4.0,5.7,161.9,228.0
2021/2022,Western Sydney,0.154166667,0.579166667,0.695833333,1.6,NA,0.034156298,NA,187.4,184.0,106.8,113.6,NA,NA,NA,118.9,127.3,NA,NA,NA,NA
2022/2023,Western Sydney,0.13160966,0.685353478,0.697520777,1.632923823,NA,0.05674025,NA,220.4,209.3,NA,NA,NA,NA,NA,NA,NA,NA,NA,NA,NA
2023/2024,Western Sydney,0.121642545,0.604490262,0.840359765,1.740042572,NA,0.091712508,NA,NA,NA,NA,NA,NA,NA,NA,NA,NA,NA,NA,NA,NA
