financial year,lhd,CO ppm,NO pphm,NO2 pphm,OZONE pphm,PM10 µg/m³,SO2 pphm
2000/2001,Central Coast,0.14635340525138066,0.3996855910158123,0.6849419801212585,1.7027596305846033,13.841719087709684,0.05609906987299148
2001/2002,Central Coast,0.1308704886216944,0.39089502783356017,0.6530072587503698,1.7473139390618255,14.886807758835877,0.05867855455393026
2002/2003,Central Coast,0.16669748917768468,0.34949980586817464,0.6305783235840831,1.8386038258213198,18.957649375215524,0.055580985276197696
2003/2004,Central Coast,0.1874388230271196,0.38082608300077814,0.6632958762884866,1.8314827242343246,16.80617360265018,0.058341610048627396
2004/2005,Central Coast,0.10907026089605804,0.3589946987118133,0.5860307822592253,1.775887485391651,15.63361681669898,0.060331767534468006
2005/2006,Central Coast,0.126967122250724,0.3387543599215772,0.6172081244878419,1.7827206908023483,15.867102699732838,0.06078108919704895
2006/2007,Central Coast,0.12539794586663852,0.3215024103917076,0.5516686943363477,1.754098991381346,16.125548854406407,0.06037168465013892
2007/2008,Central Coast,0.05786755929672265,0.30327692933138733,0.4984822954691667,1.664407865388892,14.140563527095216,0.05983525103028132
2008/2009,Central Coast,0.1259946055400956,0.27551212045883355,0.5099008299340636,1.8140523223756844,16.786492191831694,0.07309780802554693
2009/2010,Central Coast,0.1391087833356032,0.25087451338887595,0.5536061050287413,1.8791824417664096,17.53962454569654,0.07414221120159124
2010/2011,Central Coast,0.10523559854411708,0.30153231338829756,0.5823901790648154,1.6829688492218613,13.580713421442448,0.07614954477804349
2011/2012,Central Coast,0.06598869518748335,0.30657151111461184,0.5641772914993147,1.5864179993050769,13.53260401134822,0.06497485436715901
2012/2013,Central Coast,0.08402503302887991,0.26896413714440476,0.5025662546761057,1.7190306091702519,16.438489621436158,0.07798030076811673
2013/2014,Central Coast,0.10000000000000002,0.2416666666666667,0.5166666666666667,1.75,15.933333333333335,0.09166666666666667
2014/2015,Central Coast,0.10000000000000002,0.2333333333333333,0.4666666666666666,1.7911900210025593,15.158333333333333,0.05000000000000001
2015/2016,Central Coast,0.10833333333333334,0.21666666666666667,0.4583333333333333,1.6916666666666667,15.375,0.05833333333333334
2016/2017,Central Coast,0.10000000000000002,0.21666666666666667,0.4916666666666667,1.7750000000000001,15.358333333333334,0.05833333333333334
2017/2018,Central Coast,0.10833333333333334,0.17500000000000002,0.44166666666666665,1.8611831241970023,16.816666666666666,0.075
2018/2019,Central Coast,0.10833333333333334,0.21666666666666667,0.4166666666666667,1.7333333333333334,17.75,0.09166666666666667
2019/2020,Central Coast,0.14312937837849962,0.20833333333333334,0.35833333333333334,1.9166666666666667,18.57275165690874,0.06666666666666667
2020/2021,Central Coast,0.13333333333333333,0.2333333333333333,0.35000000000000003,1.7166666666666668,14.075000000000001,0.05833333333333334
2021/2022,Central Coast,0.005148888621862968,0.19166666666666665,0.225,1.6666666666666667,12.658333333333333,0.08145164451922747
2022/2023,Central Coast,0.005148888621862968,0.19166666666666665,0.225,1.6833333333333333,12.0,0.05833333333333334
2023/2024,Central Coast,0.022849192948540653,0.1830819383655015,0.2587558061895388,1.7916666666666667,14.533333333333333,0.075
2000/2001,Hunter New England,0.13195249513621843,0.776774747207274,0.8313814164906376,2.097732185620277,20.604259786505093,0.1925647495583204
2001/2002,Hunter New England,0.13522197475188052,0.7857163914819414,0.8255651958245145,2.1793033578426857,21.485076406191013,0.1863737641569996
2002/2003,Hunter New England,0.1666908594775742,0.7684170804004861,0.8324932596455188,2.348370725089296,25.25649696599436,0.1913642409631484
2003/2004,Hunter New England,0.14142755662723364,0.7381400918193174,0.8008319069584974,2.2786538613942544,22.69481673004078,0.17559250765343112
2004/2005,Hunter New England,0.08810292193054313,0.7137249442007958,0.7565006640789566,2.234245431107086,22.370011428938184,0.1898371901353735
2005/2006,Hunter New England,0.10351974716644634,0.7592792032429839,0.7880766652439851,2.1556917219564427,21.66645895300957,0.16888958927529066
2006/2007,Hunter New England,0.11883671874502738,0.6700570633505736,0.750538555735668,2.160569578602061,22.511630883984484,0.17839780483552423
2007/2008,Hunter New England,0.11909082822856266,0.6244817319124866,0.6840884994497441,2.0477601824353693,20.571670932617657,0.17562249549407447
2008/2009,Hunter New England,0.1323384830014407,0.45869682897915715,0.6281500761798989,2.261488936553835,23.10611720110425,0.15466488864944178
2009/2010,Hunter New England,0.13614878034815395,0.5789019128841318,0.7054025295541231,2.308035834100986,23.994351572424993,0.18068583136272445
2010/2011,Hunter New England,0.06395720512679835,0.4955379623855282,0.6730999553880004,2.0657534346857997,19.104770080955678,0.17372457421584964
2011/2012,Hunter New England,0.07792946205380895,0.6579257060390177,0.7257693671083257,1.9287493118438481,19.563041737262733,0.18776224963677104
2012/2013,Hunter New England,0.08268302288446965,0.5611511982495142,0.6724765054924905,2.1190105607627494,22.48176986025699,0.1652358048756176
2013/2014,Hunter New England,0.09256234961716901,0.5784221754747269,0.696342374178859,2.17455717222214,22.605211927137603,0.17026260195405354
2014/2015,Hunter New England,0.11994582293906327,0.4774398968359341,0.6375759910062889,2.158975234193854,21.95067981599007,0.15975956388722864
2015/2016,Hunter New England,0.1710555390678579,0.4736786664000638,0.6642024110340078,2.0580078165817692,22.25952380952381,0.1583285135337609
2016/2017,Hunter New England,0.09556302730286083,0.49845992206500794,0.6585149419952286,2.1265459829920306,21.760714285714286,0.18823181579396417
2017/2018,Hunter New England,0.13463767799939744,0.5435718832802907,0.6682586630492765,2.2055297018075692,24.0334720130882,0.1892196510058752
2018/2019,Hunter New England,0.13648193737537387,0.5560264826848705,0.6501873064255931,2.191191166371898,25.72189241216915,0.1855932244004523
2019/2020,Hunter New England,0.1197424774855931,0.5201158055810179,0.6281471321150829,2.3635376441178577,26.13616767258303,0.1769508121589781
2020/2021,Hunter New England,0.09020573807816211,0.5237466981241533,0.5354011442796035,1.964825406366791,19.755952380952383,0.14552376702735778
2021/2022,Hunter New England,0.06693619867511118,0.48336871703474266,0.5154204352533742,1.863955384662791,18.842531728568822,0.13874307902411576
2022/2023,Hunter New England,0.06116785404959563,0.451607113285206,0.5014504509613554,1.9130330669247517,18.207142857142856,0.1386260250043352
2023/2024,Hunter New England,0.07049259080312224,0.5208674928113552,0.555903193359782,2.0654761904761902,21.335714285714285,0.13817148321298484
2000/2001,Illawarra Shoalhaven,0.25833333333333336,0.7458333333333335,0.8291666666666666,1.7625,18.214958066447696,0.10000000000000002
2001/2002,Illawarra Shoalhaven,0.2916666666666667,0.7083333333333334,0.8375,1.832517182885798,18.89403100134372,0.10000000000000002
2002/2003,Illawarra Shoalhaven,0.3451959807429948,0.8250000000000001,0.9083333333333333,1.8076853650626472,23.181792187209368,0.10000000000000002
2003/2004,Illawarra Shoalhaven,0.3267494426158623,0.7041666666666666,0.8291666666666666,1.8666666666666665,19.6491411643891,0.10000000000000002
2004/2005,Illawarra Shoalhaven,0.30416666666666664,0.6306164704788452,0.7189607149287501,1.8,18.25,0.10000000000000002
2005/2006,Illawarra Shoalhaven,0.25416666666666665,0.6069125815908266,0.6999185880238651,1.8541666666666667,18.811089599673707,0.10000000000000002
2006/2007,Illawarra Shoalhaven,0.2747207978828515,0.6240183617552019,0.723873163273329,1.7876959979833404,21.0625,0.10000000000000002
2007/2008,Illawarra Shoalhaven,0.18069657237416695,0.5079635424850704,0.636131043672174,1.7583333333333335,17.726050303621687,0.10000000000000002
2008/2009,Illawarra Shoalhaven,0.14583333333333334,0.37534016935243114,0.6463719973271917,1.95,20.002890531873472,0.10000000000000002
2009/2010,Illawarra Shoalhaven,0.3412974590842002,0.5270408606836113,0.6235075486405811,1.955985813460542,20.408333333333335,0.10000000000000002
2010/2011,Illawarra Shoalhaven,0.31666666666666665,0.35728787463828265,0.5838362685693674,1.8541666666666667,16.970833333333335,0.10000000000000002
2011/2012,Illawarra Shoalhaven,0.3,0.44090909090909086,0.6863636363636364,1.8136363636363635,17.099999999999998,0.1
2012/2013,Illawarra Shoalhaven,0.20833333333333334,0.38463956730870913,0.670510572998499,1.7666666666666666,18.412499999999998,0.10000000000000002
2013/2014,Illawarra Shoalhaven,0.20833333333333334,0.38576313712888305,0.6610301030842166,1.9375,18.045833333333334,0.10000000000000002
2014/2015,Illawarra Shoalhaven,0.20833333333333334,0.3552270670891047,0.5909735561443975,1.9124999999999999,17.287499999999998,0.10000000000000002
2015/2016,Illawarra Shoalhaven,0.20833333333333334,0.36250000000000004,0.6291666666666667,1.8683087024036045,18.758333333333333,0.10000000000000002
2016/2017,Illawarra Shoalhaven,0.20000000000000004,0.3416666666666666,0.5458333333333333,1.95,18.724999999999998,0.10000000000000002
2017/2018,Illawarra Shoalhaven,0.17500000000000002,0.37083333333333335,0.5375,2.0223979578271054,20.462500000000002,0.10000000000000002
2018/2019,Illawarra Shoalhaven,0.19166666666666668,0.3538060328112442,0.5706349347229379,1.9416666666666667,21.31693798737167,0.10000000000000002
2019/2020,Illawarra Shoalhaven,0.20833333333333334,0.3041666666666667,0.5333333333333333,2.0124999999999997,22.03333333333333,0.10000000000000002
2020/2021,Illawarra Shoalhaven,0.20000000000000004,0.33749999999999997,0.45,1.8291666666666666,17.845833333333335,0.10000000000000002
2021/2022,Illawarra Shoalhaven,0.16666666666666666,0.3041666666666667,0.3166666666666667,1.8041666666666665,15.049999999999999,0.10000000000000002
2022/2023,Illawarra Shoalhaven,0.17500000000000002,0.29583333333333334,0.3666666666666667,1.8625,15.616666666666667,0.10000000000000002
2023/2024,Illawarra Shoalhaven,0.10833333333333335,0.39999999999999997,0.65,1.820317970042006,20.1125,0.10000000000000002
2000/2001,Mid North Coast,0.14812388940424387,0.11158719601915666,0.2997208536969332,2.3705704109600556,NA,0.050627379589278994
2001/2002,Mid North Coast,0.1115302055796491,0.07497966118622126,0.2764196364885007,2.413914481927924,NA,0.0
2002/2003,Mid North Coast,0.14317379384489773,0.18945427313523502,0.3526345467238718,2.445216608352567,NA,0.07301392987296852
2003/2004,Mid North Coast,0.17858872877420276,0.11637121427536641,0.351300382540419,2.4853325575600858,NA,0.05095127115893614
2004/2005,Mid North Coast,0.1267847249607739,0.1104499664150052,0.28493644599599005,2.199767773298766,NA,0.03728732048224909
2005/2006,Mid North Coast,0.11863722679843432,0.12439196903213001,0.3421703624806816,2.240606846616339,NA,0.0608449415608071
2006/2007,Mid North Coast,0.12849482645139246,0.14871382172375944,0.2751877479260472,1.9901957603238392,NA,0.04251856558492883
2007/2008,Mid North Coast,0.07143266178015173,0.07785987623418694,0.23722928724053646,1.8970128758702443,NA,0.02324618027764751
2008/2009,Mid North Coast,0.14971234063492614,0.123108094763463,0.27665499655417125,2.052035942540315,NA,0.05566706356532327
2009/2010,Mid North Coast,0.1254232688874943,0.1323322461063915,0.2846216124062047,2.187645152141386,NA,0.04635197989233552
2010/2011,Mid North Coast,0.10103908113645887,0.011024194785525241,0.21816108278171695,2.0386490931967667,NA,0.0
2011/2012,Mid North Coast,0.10459608358745655,0.027226492190420084,0.22630853848018823,1.680972417280996,NA,0.026418037154791237
2012/2013,Mid North Coast,0.13022382963412613,0.012109062170924147,0.1932396715862271,1.7966913931357784,NA,0.0
2013/2014,Mid North Coast,0.1562083042844751,0.05641461663318392,0.26000446516841774,1.7967019305581549,NA,0.03141014500279304
2014/2015,Mid North Coast,0.16032242982742909,0.08587489908605145,0.260244219635097,1.8852401280939295,NA,0.024682669789356432
2015/2016,Mid North Coast,0.18342771661006588,0.16431761072011822,0.31942314014280443,1.9225827853585724,NA,0.09848065255206805
2016/2017,Mid North Coast,0.16776474558640522,0.09894443706541872,0.2796014461096064,2.033003849116106,NA,0.038525025541782304
2017/2018,Mid North Coast,0.187219372880979,0.12549601231124496,0.24626953732623702,1.760193893231193,NA,0.03919105269313273
2018/2019,Mid North Coast,0.18946179543601252,0.21035109479212677,0.29597993432752684,1.8474322353344954,NA,0.07301392987296852
2019/2020,Mid North Coast,0.17565518942098687,0.13353190710433063,0.32761538748878977,2.0819214676808726,NA,0.03716898831216142
2020/2021,Mid North Coast,0.12338019779942148,0.14502295355820197,0.3156710994706241,1.8169527248715365,NA,0.0
2021/2022,Mid North Coast,0.11551370609424416,0.1256927446456151,0.25459631547280626,1.6208333333333333,NA,0.0036461651390710718
2022/2023,Mid North Coast,0.061719529160886,0.12589888840300278,0.26823016299083774,1.5473556145308438,NA,0.0
2023/2024,Mid North Coast,0.09788254700808179,0.08098784522392685,0.2294556611403941,1.768525920992854,NA,0.03221896906797718
2000/2001,Murrumbidgee,NA,0.4297263812859679,0.35217237131910756,1.7546324233299506,23.998639775183076,0.07080503948814719
2001/2002,Murrumbidgee,NA,0.4146931438258066,0.35659996065227095,1.8727429872354853,22.890620435320894,0.06794585567865254
2002/2003,Murrumbidgee,NA,0.4023691665860276,0.3810832584085532,1.9754478902137136,31.691171415259102,0.08401478517578975
2003/2004,Murrumbidgee,NA,0.44805040570044224,0.4740775156424341,1.815614112820705,25.3,0.07041844849428995
2004/2005,Murrumbidgee,NA,0.3972947281554566,0.3565168270531713,1.8573762695501934,22.974791984436624,0.06997558263919358
2005/2006,Murrumbidgee,NA,0.40288476701221404,0.42531891137948863,1.8841976495173007,22.525000000000002,0.06528724021601286
2006/2007,Murrumbidgee,NA,0.3794478498256608,0.3296996347488917,1.912985977417209,30.97213423597424,0.1125
2007/2008,Murrumbidgee,NA,0.33358553612441555,0.28147013111116465,1.8536127040069375,23.981720949852175,0.07324555369087234
2008/2009,Murrumbidgee,NA,0.2918647249903836,0.2773591050911638,1.9596067940520643,23.443608041228988,0.1109652632761981
2009/2010,Murrumbidgee,NA,0.3145843778791766,0.24332324574062505,2.112777938022856,22.366666666666664,0.06666666666666667
2010/2011,Murrumbidgee,NA,0.29445094525252846,0.3134196724958872,1.8274943928332539,14.483333333333334,0.0642836549815624
2011/2012,Murrumbidgee,NA,0.2891874651370767,0.2807036329009031,1.7611147181020483,22.119091392643252,0.045454545454545456
2012/2013,Murrumbidgee,NA,0.15494979920066979,0.35481289579273484,1.9634968189780615,21.147979180044285,0.05833333333333334
2013/2014,Murrumbidgee,NA,0.13877614485861092,0.3665695525296561,2.050154653924449,21.63404585764866,0.10000000000000002
2014/2015,Murrumbidgee,NA,0.1755156449784158,0.28645319606018355,1.955223617786847,20.71732413475906,0.05000000000000001
2015/2016,Murrumbidgee,NA,0.14270987725664283,0.30199087288850884,1.899084235109396,25.8291727857399,0.08333333333333333
2016/2017,Murrumbidgee,NA,0.17091146803864657,0.3372117782887467,1.9337913420849813,24.077346601145184,0.05000000000000001
2017/2018,Murrumbidgee,NA,0.16513851319423037,0.3291483586715486,1.9480366224284869,30.798971016956504,0.075
2018/2019,Murrumbidgee,NA,0.19548494114384352,0.3261162583960215,1.8871400378624965,29.250466997705697,0.08333333333333333
2019/2020,Murrumbidgee,NA,0.23475624363574266,0.3650281890364819,2.0930520936336983,27.416068004470848,0.041666666666666664
2020/2021,Murrumbidgee,NA,0.20127470384931131,0.32897005793832695,1.8017202410954087,29.488379353545046,0.016666666666666666
2021/2022,Murrumbidgee,NA,0.15393526297850413,0.2672191659642898,1.8040229833581982,23.696669131469434,0.03333333333333333
2022/2023,Murrumbidgee,NA,0.15974332294623736,0.3083892209008635,1.8332641555066587,26.71661070175092,0.041666666666666664
2023/2024,Murrumbidgee,NA,0.18481863060157733,0.38459240028895386,1.9283204066362998,27.808182012438504,0.075
2000/2001,Nepean Blue Mountains,0.06327195544871894,0.4804128600300431,0.5931693151253475,1.754083878043539,16.192799606960214,0.0805143410566273
2001/2002,Nepean Blue Mountains,0.09125666888761792,0.4692602100066426,0.5575361330030356,1.8662671198346654,16.969777186766485,0.07036938846258768
2002/2003,Nepean Blue Mountains,0.16699589288423236,0.5244779243012901,0.5966329362501995,1.9792704797236238,20.349700908328487,0.06967674013907406
2003/2004,Nepean Blue Mountains,0.13601050983407972,0.4519906166594114,0.5772744846038046,1.900332674897142,18.924861172619003,0.061275770548194886
2004/2005,Nepean Blue Mountains,0.08972694367228735,0.3944995807754362,0.5365137774132334,1.9498516109470432,16.479166666666668,0.07646318503803655
2005/2006,Nepean Blue Mountains,0.08029225339307754,0.3669115787740924,0.5453302761122443,1.908215260925182,16.662499999999998,0.05472333330888315
2006/2007,Nepean Blue Mountains,0.07457259719713956,0.39987310055362063,0.5436403443974466,1.9957872273605846,17.78670587355109,0.06164792963646657
2007/2008,Nepean Blue Mountains,0.03689118503682751,0.30211418407055735,0.47540870444246003,1.8861484359490264,14.125,0.03423237498398728
2008/2009,Nepean Blue Mountains,0.06610865729502564,0.25644556143327374,0.46208524029105025,1.9653591182491585,15.695833333333333,0.032869666239003885
2009/2010,Nepean Blue Mountains,0.15067072821703265,0.29334901703519134,0.46704498251361204,1.9526556099218013,17.183828413768847,0.031021781512676636
2010/2011,Nepean Blue Mountains,0.08294404337128214,0.18180224484187646,0.43681819384129006,1.8047909649091023,13.066666666666668,0.06772246983827586
2011/2012,Nepean Blue Mountains,0.09248291153039925,0.2197642914145092,0.49124556565812844,1.7592002999428116,13.154545454545454,0.06158984243977155
2012/2013,Nepean Blue Mountains,0.16096147058311713,0.17647786984329938,0.47747059459342833,1.919795416259525,16.166666666666668,0.05450196878511889
2013/2014,Nepean Blue Mountains,0.1246557412315707,0.2013233658178536,0.47567041052433207,2.0668161879480507,16.71072247268146,0.0366007817280989
2014/2015,Nepean Blue Mountains,0.08536825823778176,0.2103916072702753,0.4406109849496617,1.9945932269816478,15.152996380812162,0.0284457444723713
2015/2016,Nepean Blue Mountains,0.07288735192433672,0.21400429364849338,0.43491756911576857,1.979575933965467,16.133333333333333,0.016766400192868732
2016/2017,Nepean Blue Mountains,0.09976932533755484,0.23166150185576592,0.4255464193598635,1.9514180748065406,16.008651574551315,0.054771527609574655
2017/2018,Nepean Blue Mountains,0.1598515356983828,0.2327791340804701,0.4470386359875205,2.1391882843112726,18.526492217630416,0.0675632393008556
2018/2019,Nepean Blue Mountains,0.1381880935670701,0.2385295088157254,0.4339217030530178,2.081548903056343,19.052546887984583,0.04457062191481731
2019/2020,Nepean Blue Mountains,0.1852437180567943,0.20295679631242636,0.3830820494576292,2.2895362079962913,19.246128151447525,0.027525184265474317
2020/2021,Nepean Blue Mountains,0.10839649858111078,0.19813753223064942,0.3186616023855212,1.8635224740929799,14.900147223395976,0.02890728787713426
2021/2022,Nepean Blue Mountains,0.10657160850329372,0.17064012263727926,0.2798653692046115,1.818205978106841,12.857321331873843,0.02872583355742421
2022/2023,Nepean Blue Mountains,0.038761115994082614,0.17581249677119812,0.3341880331216254,1.8724127619279836,12.35479436587378,0.02503532547246382
2023/2024,Nepean Blue Mountains,0.06438862610102451,0.1902892856498841,0.43031364085638946,2.1003138790557263,15.626919791459903,0.022274508629972004
2000/2001,Northern Sydney,0.1765772875217797,0.8656929915540067,1.1380426910552959,1.3792680638183918,14.783333333333333,0.06429033028433528
2001/2002,Northern Sydney,0.15548702635879103,0.8261395206384677,1.0740297209453697,1.5099590368116973,15.4961484133069,0.0638581137711912
2002/2003,Northern Sydney,0.18716349513496722,0.8232432745729398,1.1407106171211208,1.493339201714571,18.837559036115408,0.06622522323274337
2003/2004,Northern Sydney,0.16510519208339178,0.8037087439894588,1.1350312403015266,1.4609462357738536,17.360606941191854,0.05198669248670832
2004/2005,Northern Sydney,0.16138029031406492,0.7478431906413153,1.0204382462934047,1.5376447648204998,15.5028337491132,0.0536960826165904
2005/2006,Northern Sydney,0.176750691320819,0.7607297723240966,1.063669728301889,1.4717800832892236,15.882496391864535,0.040671693708818575
2006/2007,Northern Sydney,0.1523329948048169,0.7021532298823993,0.9783238964295156,1.5764849729900157,16.423172974183977,0.06233299714243982
2007/2008,Northern Sydney,0.14094027782911436,0.638199773741583,0.937194093756062,1.4624545401974653,14.126672100838135,0.04894524387814104
2008/2009,Northern Sydney,0.15952302649127012,0.47738718739703917,0.834003057517931,1.5841390507969946,15.866666666666667,0.022723349646833327
2009/2010,Northern Sydney,0.14583439214136978,0.4737747943614646,0.8837568651269968,1.663043004428839,16.533963493280464,0.04219653419827574
2010/2011,Northern Sydney,0.1682609351656166,0.5213989961300793,0.8095040212416816,1.4928490296114416,12.825000000000001,0.016182120825967088
2011/2012,Northern Sydney,0.12867435040345976,0.5346184957142576,0.8669787911934278,1.446819844627967,12.981818181818182,0.04326639482265135
2012/2013,Northern Sydney,0.10397347802515633,0.4146200622376544,0.8109592854458209,1.5992213321824453,14.333333333333334,0.06465465360681592
2013/2014,Northern Sydney,0.14032156932333814,0.3611974375029717,0.8126451527825077,1.6590260395696628,14.083333333333334,0.05692027629650204
2014/2015,Northern Sydney,0.12704038783416757,0.34791001585506937,0.7774231101080593,1.7099144868065972,13.958333333333334,0.02843373556656541
2015/2016,Northern Sydney,0.12331914903861822,0.34391387689759184,0.7363403781149399,1.7021443438474337,15.6,0.04616367546215872
2016/2017,Northern Sydney,0.11325738602156155,0.3958824470818849,0.754349541985026,1.7410649430257357,15.583333333333334,0.05542617654351612
2017/2018,Northern Sydney,0.11744369663547334,0.34656841028024193,0.7050039057708536,1.900933446795493,16.85833333333333,0.06420231804632086
2018/2019,Northern Sydney,0.1247901819063662,0.39438000438684856,0.796590489789288,1.84193509761149,17.804467791797226,0.0787792046407356
2019/2020,Northern Sydney,0.15150464164340352,0.36172594623661025,0.790532653212058,1.9039854463166186,18.078677876118174,0.05114905420632417
2020/2021,Northern Sydney,0.16158631195515596,0.3998543122946896,0.6682189279615449,1.6935356491570879,14.694858694853538,0.027358977171852827
2021/2022,Northern Sydney,0.17787499588279643,0.345696853611455,0.5712747605145129,1.6861096472826604,12.78593803025615,0.020210186182643138
2022/2023,Northern Sydney,0.025000000000000005,0.5038994626179583,0.6445999278563771,1.7003278540149631,11.92303910768833,0.04820469228999589
2023/2024,Northern Sydney,0.0375,0.46773661064661204,0.727352407772408,1.7236518872195166,14.848149921672237,0.06662128297325279
2000/2001,South Eastern Sydney,0.30467666566563173,3.803859664413134,1.7293739788046032,1.1082673423115728,18.325,0.1014173683500778
2001/2002,South Eastern Sydney,0.27879799810490186,3.689956986372536,1.6608996119041446,1.2043900360180426,17.830921939164366,0.10228280342058425
2002/2003,South Eastern Sydney,0.3698750959809846,3.9848292982726363,1.7109197484151817,1.1903160032003866,22.16041373332158,0.11497874279506919
2003/2004,South Eastern Sydney,0.3267440249976133,3.770146839816642,1.8253444516227193,1.2156587896481572,20.25,0.10375735228573628
2004/2005,South Eastern Sydney,0.2832855566665047,3.4469117949265744,1.659404866383463,1.2531864543249958,18.908985610204976,0.09943498363281762
2005/2006,South Eastern Sydney,0.2755279896079474,3.5300959879365075,1.6533086829454107,1.2918327816305446,18.558333333333334,0.10281820085735127
2006/2007,South Eastern Sydney,0.30574836055730764,3.7456749661757414,1.5473724342322912,1.1680190338216183,19.45,0.10828746592859269
2007/2008,South Eastern Sydney,0.2500527454231704,3.367930774512899,1.4423061518898281,1.235866359541881,17.158333333333335,0.10186393152945968
2008/2009,South Eastern Sydney,0.2807600494247297,3.3352594478909388,1.4529440321086193,1.290083229738281,19.758333333333333,0.10337881911246834
2009/2010,South Eastern Sydney,0.2576685564374796,3.0086132963161702,1.4077886298721385,1.504347008851466,19.379166666666666,0.10674997816773717
2010/2011,South Eastern Sydney,0.17082011625177962,2.4767025818704713,1.2982613724670122,1.3231035162435922,15.166666666666666,0.0803917998364808
2011/2012,South Eastern Sydney,0.2384682262756267,3.2747865222454937,1.4674972020203105,1.204775920154517,16.19090909090909,0.11148023431070478
2012/2013,South Eastern Sydney,0.25877915799458945,3.1597764543785405,1.3640802261199758,1.2808452292594774,18.808333333333334,0.11900528582138868
2013/2014,South Eastern Sydney,0.2564282310104928,3.1262589053297005,1.4186508439796865,1.3110720738759125,19.05,0.11830848141680506
2014/2015,South Eastern Sydney,0.24762257069572988,2.9836949880926364,1.422863153287438,1.3380543932524065,18.900000000000002,0.11217972292836403
2015/2016,South Eastern Sydney,0.2603608340896711,3.0797308700945063,1.467131480703206,1.3105384625631342,18.191666666666666,0.11752750439260996
2016/2017,South Eastern Sydney,0.25653412279386884,2.8977913421151213,1.4346761032126245,1.384755324375561,18.375,0.1101219968473498
2017/2018,South Eastern Sydney,0.277671896274675,2.75815575500696,1.448040511962799,1.4285173071141617,20.166666666666668,0.12313684591275352
2018/2019,South Eastern Sydney,0.32603621618962314,2.947545236365947,1.56961659504037,1.3641075794669748,21.125,0.11925392071573787
2019/2020,South Eastern Sydney,0.2961391273946779,2.5416666666666665,1.4833333333333334,1.4951346962429815,21.395833333333332,0.10785663172054327
2020/2021,South Eastern Sydney,0.2558922516818787,2.45021977036854,1.331017425791939,1.39085773492464,17.458333333333332,0.0998115880567723
2021/2022,South Eastern Sydney,0.16015962369487974,2.100257976640234,1.1410720793663887,1.3913952823690847,15.308333333333332,0.0987115687336142
2022/2023,South Eastern Sydney,0.19166666666666668,2.408333333333333,1.2791666666666666,1.3583333333333334,14.691666666666668,0.10000000000000002
2023/2024,South Eastern Sydney,0.24166666666666667,2.9250000000000003,1.3110278370369608,1.2791666666666666,17.558333333333334,0.10468195602641019
2000/2001,South Western Sydney,0.27350418727097403,1.1760758618628315,0.9533218441553934,1.7196247093045292,16.990280589203312,0.054728359067986225
2001/2002,South Western Sydney,0.26929058440368797,1.191105460488354,0.9356586843374287,1.7775837159887404,18.051706732903895,0.05541251936162395
2002/2003,South Western Sydney,0.26795350714737926,1.2034933490776978,0.9968234495406886,1.8713200189288342,22.701393157945375,0.06161612727089308
2003/2004,South Western Sydney,0.27002717082290584,1.1260948323138444,0.9372786360868224,1.8839544426022714,20.83377041162555,0.056640365299512434
2004/2005,South Western Sydney,0.23173765115474135,1.0117514068441558,0.8728164504059182,1.838440263693083,18.622909102440843,0.050708772911973864
2005/2006,South Western Sydney,0.22396257819258322,0.9512621100359041,0.8562057852598605,1.8259115063623783,19.22930738948733,0.055582242167108366
2006/2007,South Western Sydney,0.22341730612411229,1.0111302418658201,0.8823006244253478,1.8744814468720497,19.87188910596961,0.05699985266327625
2007/2008,South Western Sydney,0.17263251535131552,0.8634937462099845,0.7594721988395944,1.6978243968872329,16.348394185321983,0.04482728324582625
2008/2009,South Western Sydney,0.19996944463580826,0.7555782169026634,0.7450630710208371,1.8381309149634761,18.33622325912458,0.05290487393432586
2009/2010,South Western Sydney,0.273067120946847,0.7497198274493829,0.7585858396010382,1.878410233540069,19.06179119593202,0.04727009408070029
2010/2011,South Western Sydney,0.25862189889791454,0.6249991409088428,0.6694808402933593,1.7584693795564588,15.658151282840421,0.03972699860250361
2011/2012,South Western Sydney,0.25592455579994816,0.8091042147008032,0.7526998552915006,1.6123390768402523,16.23157562351701,0.04089745670590873
2012/2013,South Western Sydney,0.21674307442172167,0.6783193077208175,0.7121970420218551,1.7417133811252155,17.6375,0.04614666500628123
2013/2014,South Western Sydney,0.25221083944558614,0.7038920801996004,0.7445427641442289,1.8047481227600164,18.127834223023395,0.04983839320646974
2014/2015,South Western Sydney,0.23780999180178128,0.6062508463481429,0.6809514381538279,1.8207820082184003,16.35625,0.0382141307000786
2015/2016,South Western Sydney,0.23366919537679354,0.620532641365352,0.7404601501172303,1.7896288528116229,17.247916666666665,0.04237532283679354
2016/2017,South Western Sydney,0.2305910840462104,0.6184612669161064,0.7217657218018579,1.851354296205579,17.172916666666666,0.048242652089197646
2017/2018,South Western Sydney,0.22684246756603857,0.6473568451923719,0.8058900520707791,1.9446521937726413,20.64375,0.051921836764732866
2018/2019,South Western Sydney,0.20106512343642272,0.6973454542097005,0.7994661749857594,1.9073747438212951,20.085416666666667,0.05807385600099375
2019/2020,South Western Sydney,0.1986673888293791,0.6349472896785444,0.7714376783807076,1.9597857208670224,20.500169335736846,0.048484401333942495
2020/2021,South Western Sydney,0.14239104103708589,0.6551222983361523,0.5562991949209095,1.8712453605560997,16.506249999999998,0.034264366284351394
2021/2022,South Western Sydney,0.1021367411835901,0.5893832244626266,0.4850553320735976,1.736121473260763,13.8375,0.030010610668490898
2022/2023,South Western Sydney,0.10073033994169468,0.6427489701802699,0.5106091081096767,1.797856521393066,13.893045956921618,0.03708153125239026
2023/2024,South Western Sydney,0.11611941789303344,0.6514773750929004,0.6562829332006416,1.8508685444465458,17.643893423918932,0.046617482020841726
2000/2001,Southern NSW,NA,0.39311782972999976,0.5613873156642758,2.007136694660708,NA,NA
2001/2002,Southern NSW,NA,0.3545289476322209,0.5524663137258906,2.0366794933691197,NA,NA
2002/2003,Southern NSW,NA,0.3874372156851062,0.6442833587008897,2.107160198813498,NA,NA
2003/2004,Southern NSW,NA,0.3425633500660495,0.6009471124602354,2.084727141965789,NA,NA
2004/2005,Southern NSW,NA,0.3168542808712986,0.49294763502009314,2.120181842977408,NA,NA
2005/2006,Southern NSW,NA,0.276938486461846,0.5402178292065126,1.9416046412769168,NA,NA
2006/2007,Southern NSW,NA,0.27954404637546904,0.49720662997648435,2.1913574712353534,NA,NA
2007/2008,Southern NSW,NA,0.270424820120071,0.3928019073034432,1.9646355511021125,NA,NA
2008/2009,Southern NSW,NA,0.21691733529131732,0.40171286579936244,2.204183098224855,NA,NA
2009/2010,Southern NSW,NA,0.2333364439032326,0.42839086203736204,2.213602368499681,NA,NA
2010/2011,Southern NSW,NA,0.20160854600503217,0.3136467829547605,2.0697401833957003,NA,NA
2011/2012,Southern NSW,NA,0.24501303586594625,0.32412467859589245,1.8426471814150764,NA,NA
2012/2013,Southern NSW,NA,0.23179918320375337,0.37785483514429014,1.915809165129603,NA,NA
2013/2014,Southern NSW,NA,0.2377810305708563,0.41364931034764313,2.0694400368076917,NA,NA
2014/2015,Southern NSW,NA,0.21891651397265446,0.3599331214103749,2.1583556686898766,NA,NA
2015/2016,Southern NSW,NA,0.21338689446955894,0.35443663793028873,2.1269432218374904,NA,NA
2016/2017,Southern NSW,NA,0.22406764147770053,0.38884014590076843,2.148951429643016,NA,NA
2017/2018,Southern NSW,NA,0.19696094984540247,0.36368623205802897,2.3116235913760894,NA,NA
2018/2019,Southern NSW,NA,0.19894459699225253,0.36669808451235236,2.154204502643132,NA,NA
2019/2020,Southern NSW,NA,0.18043049330324082,0.3925435302882054,2.302080263986021,NA,NA
2020/2021,Southern NSW,NA,0.19999999999999998,0.3416666666666666,2.0416666666666665,NA,NA
2021/2022,Southern NSW,NA,0.18573917325585335,0.2397016552894644,1.9496752930897838,NA,NA
2022/2023,Southern NSW,NA,0.20833333333333334,0.21666666666666667,2.058333333333333,NA,NA
2023/2024,Southern NSW,NA,0.2333333333333333,0.39999999999999997,2.1416666666666666,NA,NA
2000/2001,Sydney,0.23743823905254338,1.8588758559893999,1.472775176694312,1.3291415167472678,19.17063822311385,0.030534649825459028
2001/2002,Sydney,0.2346543210829808,1.8426298215146766,1.3854297738093457,1.356822797687247,19.60451830152001,0.029923427087082042
2002/2003,Sydney,0.24886033242536598,1.8397045402304206,1.389325723263865,1.335899695635593,23.66335419076182,0.04061224520517204
2003/2004,Sydney,0.2326708829523508,1.6738489738412106,1.3765484046975083,1.481383032149348,22.347169544051866,0.03212075722263515
2004/2005,Sydney,0.16456744107287855,1.588530844684909,1.34139557413246,1.3663075374246487,20.010383657615574,0.030947421868241537
2005/2006,Sydney,0.20078325167765468,1.4418171131396174,1.3315001801352397,1.5490432923037067,21.510416666666668,0.02925151073864071
2006/2007,Sydney,0.17060152673572862,1.5502050997237937,1.2702733402605826,1.3482536415642399,21.104166666666668,0.03405039722847172
2007/2008,Sydney,0.11820104256038118,1.293299181698311,1.1668919754296627,1.310193034073943,18.0375,0.028492615477652982
2008/2009,Sydney,0.1479385893366327,1.2335163660113235,1.1239998483019218,1.3750409929615393,20.156695043018576,0.03256860104391335
2009/2010,Sydney,0.21514627835970454,1.0588751121987008,1.080256469297323,1.457869574441976,19.834294253826872,0.03408394516187034
2010/2011,Sydney,0.18256194907694645,0.9556215528882461,1.0282100860114112,1.5190386789937242,16.927830304126484,0.021634370540973294
2011/2012,Sydney,0.21382512474095858,1.1028427248991135,1.1363142257578918,1.4954366812568196,17.027272727272727,0.026731717036780164
2012/2013,Sydney,0.1881579344144633,0.9506141574243533,1.082943041036792,1.6424133568463433,18.879166666666666,0.029182975456169907
2013/2014,Sydney,0.1470418902335032,0.8957906065730091,1.0722655389977738,1.5727501081972737,19.095833333333335,0.029092825937068263
2014/2015,Sydney,0.1421586133789886,0.8465612116873759,0.9899788618854927,1.553116116259753,17.729166666666668,0.03532117713734944
2015/2016,Sydney,0.17460334571076422,0.9107371114137738,1.0037779574315306,1.4537110916517813,17.1125,0.04583333333333334
2016/2017,Sydney,0.13328322808889026,0.9036367570850224,1.056809497236488,1.4668048633918456,17.3625,0.020833333333333332
2017/2018,Sydney,0.09362254160537875,0.8831397743516476,1.0603989893778427,1.5137321056511104,19.008193545686094,0.03850662730805488
2018/2019,Sydney,0.12410349834371004,0.8975033672289054,1.0095269087344845,1.5329863204648613,19.429166666666667,0.04583333333333334
2019/2020,Sydney,0.14376621279680601,0.7518343957445824,0.9073486806972658,1.5239325116442977,20.303320857962415,0.0375
2020/2021,Sydney,0.1355976486857602,0.743314531020729,0.873356732285131,1.598568613289858,16.495833333333334,0.016666666666666666
2021/2022,Sydney,0.10141603240588859,0.626840857528761,0.7796411911388818,1.498413491048061,13.995833333333332,0.018657352966374285
2022/2023,Sydney,0.09755223623795854,0.6404878705781331,0.8270709754751286,1.547411274706022,13.575932787880538,0.01850768197306469
2023/2024,Sydney,0.125,0.7436132518974167,0.8780744651192189,1.4625519409963206,16.7,0.03151336709428332
2000/2001,Western NSW,0.035700293181227576,0.08505463843965888,0.22092798025368499,2.04131979510656,NA,NA
2001/2002,Western NSW,0.04134037044871728,0.08129000262396956,0.24368210631989273,2.0941293635551017,NA,NA
2002/2003,Western NSW,0.023467735458797434,0.11867443078878818,0.31974402372585903,2.270257740700075,NA,NA
2003/2004,Western NSW,0.037720695906315826,0.08239658471343671,0.25745511046137126,2.315314639122652,NA,NA
2004/2005,Western NSW,0.024578518149030584,0.10774784074494119,0.23407825012301808,2.2324208980773164,NA,NA
2005/2006,Western NSW,0.0308120232718359,0.07418100027073832,0.2403655357817982,2.1501124478943767,NA,NA
2006/2007,Western NSW,0.022066035036946766,0.07488310793773592,0.276517366652353,2.2750014902453226,NA,NA
2007/2008,Western NSW,0.01285477519634534,0.11237038528473814,0.21886380931607705,2.0756743265142936,NA,NA
2008/2009,Western NSW,0.01210814639949541,0.12465586008823058,0.18897720217378247,2.3095690914802147,NA,NA
2009/2010,Western NSW,0.014739238511604734,0.12719209353783312,0.2477246105955678,2.2258074195107396,NA,NA
2010/2011,Western NSW,0.04962504725914405,0.027613635569383396,0.15743570441398616,1.9861672757707627,NA,NA
2011/2012,Western NSW,0.01714524976776538,0.08691650776357486,0.22394524605843386,1.906996431486096,NA,NA
2012/2013,Western NSW,0.006841300374999801,0.1535590736736285,0.21505085661106707,2.0344292123677463,NA,NA
2013/2014,Western NSW,0.0056819606243802044,0.14583667998781946,0.21839474242520407,2.192931165703426,NA,NA
2014/2015,Western NSW,0.0037857852207086977,0.14916547735971097,0.17363139093763305,2.24270341900474,NA,NA
2015/2016,Western NSW,0.0047929665972257654,0.09616624762500724,0.22278962467227445,2.2194485723316997,NA,NA
2016/2017,Western NSW,0.0032960480622009213,0.06046423929561789,0.20154507739127767,2.1870929785504565,NA,NA
2017/2018,Western NSW,0.001401934261367926,0.05530193469376427,0.25163134249543,2.346973277752733,NA,NA
2018/2019,Western NSW,0.0,0.1522267370239259,0.2743650402431547,2.263526653733468,NA,NA
2019/2020,Western NSW,0.005857992638059576,0.18992621003458965,0.30106597105953403,2.411665509278862,NA,NA
2020/2021,Western NSW,0.010342007962359434,0.08159161350946412,0.24000205794303311,2.1226186919859074,NA,NA
2021/2022,Western NSW,0.0001763541838688294,0.07538898057348983,0.18311419569669493,2.009218071334292,NA,NA
2022/2023,Western NSW,0.0023917599925768994,0.06137280814349186,0.21279707107735932,2.0815591091963315,NA,NA
2023/2024,Western NSW,0.0,0.05641405976813025,0.26096188979307716,2.2587677475433527,NA,NA
2000/2001,Western Sydney,0.25512124802115643,1.428937714853365,1.2157531973642564,1.4578896737384908,NA,0.12964933052009822
2001/2002,Western Sydney,0.23188416459017677,1.2964412758000805,1.1401466700374512,1.5710588091321374,NA,0.13382959738762576
2002/2003,Western Sydney,0.2593158576698769,1.3694809519724178,1.1812480781144525,1.649483466719582,NA,0.15650322938779107
2003/2004,Western Sydney,0.2598914241499312,1.2766554684238114,1.141349404252753,1.6146549963692511,NA,0.1460305707123418
2004/2005,Western Sydney,0.23355812419734648,1.3380328471624179,1.1024619217484335,1.6360036922787025,NA,0.09871518070240815
2005/2006,Western Sydney,0.22474671884430386,1.0826762337701412,1.0760443274990021,1.6352904640323274,NA,0.1150686791336517
2006/2007,Western Sydney,0.22377806236443934,1.1415831322121612,1.0610128129918202,1.6520925667807858,NA,0.11403755782237877
2007/2008,Western Sydney,0.17402861757668656,0.9797899618230033,1.0025006234474174,1.5116829711582003,NA,0.0851270010715172
2008/2009,Western Sydney,0.20219347354836367,0.9462331484192196,0.9728850430262095,1.625631755894684,NA,0.09041502432405797
2009/2010,Western Sydney,0.260585582519068,0.8917173016651295,0.9510614419747668,1.7709095766064629,NA,0.10661232451692076
2010/2011,Western Sydney,0.1923912404402457,0.8079241102894407,0.931244396787784,1.5407071600886735,NA,0.10765914405672004
2011/2012,Western Sydney,0.21033424764433858,0.9199207571765313,1.0262957953025007,1.4463148275237616,NA,0.0829148783091168
2012/2013,Western Sydney,0.19617260737142392,0.7131362423059681,0.9622985902330115,1.647888511711247,NA,0.09931256998874734
2013/2014,Western Sydney,0.17081909986768726,0.8525940546553502,0.9834282972286136,1.7279051589385575,NA,0.07933081017735304
2014/2015,Western Sydney,0.17895430934317144,0.8156642290241426,0.9268278358769243,1.726750657405119,NA,0.06621670118087371
2015/2016,Western Sydney,0.14508370706858778,0.6526738370731023,0.9324067161918684,1.6838826890949816,NA,0.07158730692889147
2016/2017,Western Sydney,0.15686035806786636,0.6739796404859272,0.8885685314400931,1.716075034810478,NA,0.0729424697266244
2017/2018,Western Sydney,0.15341800062285413,0.8357283342606058,0.8860084425902278,1.8469216704227833,NA,0.07314401085781108
2018/2019,Western Sydney,0.16069585452422389,0.8019438334612193,0.9008274649729348,1.8147041019604402,NA,0.07848109652181634
2019/2020,Western Sydney,0.21386107980686755,0.8104726588695504,0.7734344862100935,1.9835044504180688,NA,0.09547085932518475
2020/2021,Western Sydney,0.1875,0.68125,0.75625,1.7208333333333332,NA,0.07105308626587883
2021/2022,Western Sydney,0.15416666666666667,0.5791666666666667,0.6958333333333333,1.5999999999999999,NA,0.03415629756458853
2022/2023,Western Sydney,0.13160966008730787,0.6853534780300429,0.6975207771494528,1.6329238230066803,NA,0.056740250110327295
2023/2024,Western Sydney,0.12164254519203287,0.6044902620626927,0.840359764763215,1.740042571721771,NA,0.09171250842920893
