financial year,lhd,CO ppm,NO pphm,NO2 pphm,OZONE pphm,PM10 µg/m³,SO2 pphm,"asthma deaths [rate per 100,000]","asthma edp [f] [rate per 100,000]","asthma edp [m] [rate per 100,000]","asthma hospitalisations [f] [rate per 100,000]","asthma hospitalisations [m] [rate per 100,000]",asthma prevelance in children [% of children],"copd deaths [f] [rate per 100,000]","copd deaths [f] [rate per 100,000]","copd hospitalisations [f] [rate per 100,000]","copd hospitalisations [f] [rate per 100,000]","iap deaths [f] [rate per 100,000]","iap deaths [f] [rate per 100,000]","iap hospitalisations [f] [rate per 100,000]","iap hospitalisations [f] [rate per 100,000]"
2001/2002,Central Coast,,,,,,,,,,211.5,204.6,,,,235.4,348.2,,,198.1,294.6
2002/2003,Central Coast,,,,,,,,,,166.1,167.2,,,,228.1,334.0,,,213.2,317.7
2003/2004,Central Coast,,,,,,,,,,156.2,154.1,16.700000000000003,,,219.0,377.1,,,217.8,308.5
2004/2005,Central Coast,,,,,,,,,,145.3,184.7,18.15,,,251.2,390.6,,,190.7,278.8
2005/2006,Central Coast,,,,,,,,,,141.5,173.0,18.6,,,237.8,368.5,,,208.5,321.6
2006/2007,Central Coast,,,,,,,,,,142.8,131.1,17.65,,,254.3,362.3,,,215.2,270.3
2007/2008,Central Coast,,,,,,,,,,155.8,118.8,15.6,,,274.0,360.6,,,198.6,306.9
2008/2009,Central Coast,,,,,,,,,,151.8,123.0,14.65,,,275.5,340.9,,,241.2,280.2
2009/2010,Central Coast,,,,,,,,,,161.5,143.3,17.2,,,263.1,313.1,,,221.4,285.0
2010/2011,Central Coast,,,,,,,,,,131.2,136.6,17.95,,,284.7,299.5,,,251.1,330.9
2011/2012,Central Coast,,,,,,,0.6,,,131.7,142.0,17.0,24.9,33.1,292.8,356.0,7.6,10.2,241.1,305.2
2012/2013,Central Coast,,,,,,,0.6,,,155.2,169.3,15.65,27.9,37.2,242.5,303.3,6.3,8.7,217.2,316.7
2013/2014,Central Coast,,,,,,,0.6,,,149.6,138.9,15.35,24.9,40.9,283.6,264.3,6.4,9.4,206.7,317.3
2014/2015,Central Coast,,,,,,,0.675,373.6,354.3,182.2,148.5,15.7,25.3,43.1,277.0,315.9,9.4,11.5,269.0,402.9
2015/2016,Central Coast,,,,,,,0.725,405.8,350.7,185.2,157.4,14.4,28.2,40.0,301.9,288.7,9.9,10.2,298.5,404.2
2016/2017,Central Coast,,,,,,,0.7,412.0,339.7,176.7,149.1,12.55,33.1,39.6,312.5,303.7,11.1,11.4,260.3,324.7
2017/2018,Central Coast,,,,,,,0.675,386.7,344.0,154.4,141.6,11.15,33.9,40.6,298.9,327.5,9.7,13.3,343.6,421.9
2018/2019,Central Coast,,,,,,,0.675,403.8,349.0,144.6,122.9,,31.6,41.1,307.8,286.2,7.8,13.3,339.6,420.6
2019/2020,Central Coast,,,,,,,0.6499999999999999,393.8,319.8,131.7,100.6,,29.6,34.8,273.4,249.5,7.2,11.2,336.9,409.5
2020/2021,Central Coast,,,,,,,0.6,308.3,286.1,81.1,69.8,,27.9,29.3,204.3,200.6,4.8,7.5,185.3,219.2
2021/2022,Central Coast,,,,,,,,287.7,251.0,76.1,79.8,,,,173.6,171.3,,,,
2022/2023,Central Coast,,,,,,,,348.8,308.1,,,,,,,,,,,
2001/2002,Far West,,,,,,,,,,320.7,321.1,,,,241.6,362.2,,,,
2002/2003,Far West,,,,,,,,,,231.1,188.7,,,,421.1,550.0,,,,
2003/2004,Far West,,,,,,,,,,203.6,221.4,17.5,,,275.5,600.9,,,,
2004/2005,Far West,,,,,,,,,,151.2,125.9,13.85,,,258.2,480.7,,,,
2005/2006,Far West,,,,,,,,,,149.3,206.1,12.1,,,325.1,578.4,,,,
2006/2007,Far West,,,,,,,,,,209.3,248.7,11.7,,,311.2,519.4,,,,
2007/2008,Far West,,,,,,,,,,122.4,184.4,11.2,,,302.8,389.2,,,,
2008/2009,Far West,,,,,,,,,,154.8,186.3,10.8,,,348.4,453.8,,,,
2009/2010,Far West,,,,,,,,,,67.2,234.8,11.95,,,300.5,435.5,,,,
2010/2011,Far West,,,,,,,,,,177.5,178.1,15.8,,,284.3,588.0,,,,
2011/2012,Far West,,,,,,,,,,236.6,196.2,19.450000000000003,30.9,38.5,376.8,614.3,,,,
2012/2013,Far West,,,,,,,,,,272.1,211.7,19.05,41.6,56.2,409.2,489.5,,,,
2013/2014,Far West,,,,,,,,,,284.6,190.4,15.7,32.2,49.0,322.5,463.7,,,,
2014/2015,Far West,,,,,,,,771.9,603.0,202.4,224.7,14.6,27.8,59.1,436.0,536.3,,,,
2015/2016,Far West,,,,,,,,805.8,840.8,246.4,201.5,14.45,25.8,60.6,362.6,582.4,,,,
2016/2017,Far West,,,,,,,,897.8,857.9,234.9,175.6,13.65,18.9,46.1,364.2,592.3,,,,
2017/2018,Far West,,,,,,,,788.2,572.8,198.2,115.4,12.1,20.7,52.7,450.9,542.7,,,,
2018/2019,Far West,,,,,,,,884.7,787.1,230.0,149.4,,28.1,50.2,408.0,564.4,,,,
2019/2020,Far West,,,,,,,,692.3,459.6,127.6,186.5,,36.3,56.6,413.9,455.7,,,,
2020/2021,Far West,,,,,,,,592.1,350.1,153.4,81.5,,27.5,54.9,242.2,476.2,,,,
2021/2022,Far West,,,,,,,,689.7,349.1,104.2,36.6,,,,191.5,394.4,,,,
2022/2023,Far West,,,,,,,,963.7,632.8,,,,,,,,,,,
2000/2001,Hunter New England,0.225,0.6585453755914188,0.774550502300862,1.817395833333333,18.47391327147695,0.1479244583870709,,,,,,,,,,,,,,
2001/2002,Hunter New England,0.2375,0.7667572236953533,0.8173079666590458,1.748612538540596,18.88850137848018,0.1453869702880547,,,,177.0,176.9,,,,210.8,319.9,,,249.6,354.7
2002/2003,Hunter New England,0.3,0.9242288288288288,0.9060792792792792,1.7333333333333334,18.7295,0.1793103279522883,,,,169.6,152.4,,,,212.2,323.3,,,277.4,355.9
2003/2004,Hunter New England,0.252,0.7722288288288288,0.8120792792792793,1.8627380952380956,20.513084905660374,0.1680256564194416,,,,154.5,142.6,16.75,,,207.4,312.4,,,273.1,362.9
2004/2005,Hunter New England,0.1444444444444444,0.6679328420385455,0.7548159066851082,1.763216188953599,19.74449695265263,0.1584754803404164,,,,164.6,146.6,16.450000000000003,,,199.7,283.1,,,272.5,371.9
2005/2006,Hunter New England,0.15,0.7538075834075835,0.8093942975942976,1.807044364508393,19.734674528301888,0.1525213371266003,,,,138.4,146.7,15.45,,,188.4,311.4,,,238.6,326.1
2006/2007,Hunter New England,0.195,0.75068971268515,0.8352307994954382,1.7260289268585132,19.36556839622641,0.1570746711247388,,,,165.6,154.6,15.35,,,193.0,290.8,,,227.3,330.3
2007/2008,Hunter New England,0.2777777777777778,0.6919365652845478,0.7420329102240201,1.620613509192646,17.696430659344188,0.1606981414526975,,,,161.3,150.7,15.55,,,226.4,318.8,,,265.7,330.7
2008/2009,Hunter New England,,,,,,,,,,153.7,148.4,15.9,,,212.0,303.9,,,229.7,323.1
2009/2010,Hunter New England,0.2314285714285714,0.701554040139089,0.7743184165808591,1.837244897959184,20.38222972265829,0.1488508470327525,,,,161.4,146.1,16.4,,,234.3,291.8,,,248.2,316.6
2010/2011,Hunter New England,0.08,0.6025642745407004,0.7481789835462839,1.7643751665334395,15.641666666666667,0.1445489865532988,,,,133.1,134.5,17.049999999999997,,,232.5,308.6,,,270.2,321.5
2011/2012,Hunter New England,0.0833333333333333,0.6121144144144144,0.7713729729729729,1.7055555555555555,15.220833333333331,0.1729273352299668,0.55,,,142.0,144.4,16.7,19.1,34.3,232.0,323.0,7.8,11.3,262.0,358.1
2012/2013,Hunter New England,0.0818181818181818,0.7095471828551676,0.840808848945731,1.7323959014606496,19.732992007992006,0.14,0.575,,,148.3,138.8,15.45,21.9,34.8,248.6,291.6,8.5,10.7,228.4,305.2
2013/2014,Hunter New England,0.1222222222222222,0.7038369304556356,0.8475299760191847,1.7363756613756616,18.619480973809598,0.1496836982968369,0.6499999999999999,,,147.5,144.2,15.4,25.2,33.8,228.4,277.4,8.8,11.1,240.5,325.8
2014/2015,Hunter New England,0.242,0.522,0.8019999999999999,1.8833333333333333,18.6775,0.132,0.825,455.6,445.5,146.7,136.0,16.3,25.4,33.9,239.3,279.4,8.3,11.3,317.4,391.0
2015/2016,Hunter New England,0.3454545454545454,0.6581818181818182,0.8381818181818183,1.6515151515151516,18.272727272727277,0.1418181818181818,1.025,475.9,459.5,162.3,158.5,17.35,25.3,35.0,235.0,293.3,8.3,8.6,312.2,398.7
2016/2017,Hunter New England,0.15,0.512,0.726,1.86,18.42,0.17,1.05,505.5,495.8,184.6,174.9,17.1,25.4,38.9,256.4,316.8,11.8,12.5,344.5,395.7
2017/2018,Hunter New England,0.2625,0.5025,0.725,1.9541666666666664,20.084375,0.1575,0.975,430.7,437.2,157.7,163.6,16.549999999999997,23.5,37.2,256.1,284.2,11.4,14.3,398.8,462.5
2018/2019,Hunter New England,0.252,0.744,0.7859999999999999,1.7399999999999998,21.8075,0.148,0.875,465.9,423.3,167.0,169.8,,24.6,32.6,240.1,258.6,9.9,10.4,341.7,420.0
2019/2020,Hunter New England,0.19,0.8946452702702703,0.7719932432432433,1.5625,18.653125,0.1607263513513513,0.8,470.1,407.8,144.2,154.7,,24.1,30.4,217.0,244.2,7.6,7.3,325.8,381.6
2020/2021,Hunter New England,0.2166666666666666,0.6883333333333334,0.6,1.636111111111111,16.3625,0.1516666666666666,0.8,400.2,366.0,110.6,115.6,,22.4,28.6,147.5,179.3,4.6,5.8,193.2,257.9
2021/2022,Hunter New England,0.2,0.5792260442260443,0.5552579852579853,1.6272727272727272,15.166300366300367,0.127039312039312,,398.0,367.1,87.2,96.3,,,,150.0,172.1,,,,
2022/2023,Hunter New England,0.1818181818181818,0.6381818181818182,0.5836363636363636,1.6661255411255411,14.681818181818182,0.1272727272727273,,410.6,416.7,,,,,,,,,,,
2023/2024,Hunter New England,0.2,0.842032673992674,0.7053173626373626,1.646666666666667,16.915,0.1306788990825688,,,,,,,,,,,,,,
2000/2001,Illawarra Shoalhaven,0.225,0.525,0.7875,1.85,20.091234439834025,0.125,,,,,,,,,,,,,,
2001/2002,Illawarra Shoalhaven,0.25,0.58125,0.80625,1.8736111111111111,19.334984439834024,0.1106564748201438,,,,103.6,121.4,,,,190.9,301.5,,,198.4,286.8
2002/2003,Illawarra Shoalhaven,0.4,1.275,1.075,1.825,18.953734439834022,0.1,,,,121.0,105.1,,,,203.6,291.2,,,179.1,251.4
2003/2004,Illawarra Shoalhaven,0.3033680555555555,0.595,0.8099999999999999,1.92,19.818734439834024,0.13,,,,121.2,109.9,14.4,,,220.2,325.9,,,214.2,252.2
2004/2005,Illawarra Shoalhaven,0.2777777777777778,0.4171825396825397,0.6440476190476191,1.8888888888888888,19.038888888888888,0.1,,,,131.4,125.4,13.6,,,203.5,287.4,,,225.6,293.5
2005/2006,Illawarra Shoalhaven,0.2625,0.5255803571428571,0.6870535714285715,1.94375,20.448211206896552,0.1,,,,126.2,122.0,14.8,,,202.8,226.4,,,221.3,280.3
2006/2007,Illawarra Shoalhaven,0.2667100694444444,0.5630803571428571,0.7245535714285715,1.86428264604811,20.69375,0.1231564748201438,,,,148.1,160.2,16.299999999999997,,,199.4,250.5,,,186.3,259.6
2007/2008,Illawarra Shoalhaven,0.181520061728395,0.4388888888888889,0.5888888888888889,1.7555555555555555,18.43174329501916,0.0633892885691446,,,,147.9,176.2,16.299999999999997,,,194.9,251.1,,,196.6,282.5
2008/2009,Illawarra Shoalhaven,,,,,,,,,,139.9,149.7,14.75,,,198.6,275.6,,,247.5,335.6
2009/2010,Illawarra Shoalhaven,0.3381944444444444,0.5076000576909209,0.6096704406144083,1.9520373097692685,19.735714285714288,0.0836073997944501,,,,144.3,153.9,14.15,,,234.9,284.0,,,264.3,328.7
2010/2011,Illawarra Shoalhaven,0.3222222222222222,0.2888888888888889,0.5444444444444445,1.9166666666666667,17.2,0.0872501998401279,,,,146.2,145.2,14.9,,,222.0,314.8,,,249.2,294.4
2011/2012,Illawarra Shoalhaven,0.2833333333333333,0.3166666666666666,0.6416666666666667,1.8916666666666664,16.416666666666668,0.0833333333333333,0.7,,,131.9,122.3,15.25,20.3,34.0,229.9,302.3,8.6,7.9,254.5,305.1
2012/2013,Illawarra Shoalhaven,0.2,0.3913311688311688,0.6724025974025974,1.7727272727272727,19.077272727272728,0.0636363636363636,0.725,,,111.9,115.3,14.3,20.5,33.5,235.7,270.9,7.8,7.5,268.7,331.6
2013/2014,Illawarra Shoalhaven,0.2,0.350515873015873,0.6496031746031746,1.933333333333333,17.183333333333334,0.0872501998401279,0.7,,,123.3,112.8,12.55,23.6,36.2,229.4,321.7,7.6,7.9,259.5,345.0
2014/2015,Illawarra Shoalhaven,0.2,0.2944876325088339,0.5693992932862191,2.02,17.61,0.08,0.65,410.1,383.6,128.8,102.6,11.85,25.1,34.7,248.2,270.3,8.2,7.3,313.6,387.5
2015/2016,Illawarra Shoalhaven,0.2090909090909091,0.3818181818181818,0.6454545454545454,1.8767676767676769,18.422727272727272,0.0622956180510137,0.7,458.7,392.5,156.7,116.5,11.65,24.9,34.7,233.0,245.4,7.5,9.0,296.9,350.1
2016/2017,Illawarra Shoalhaven,0.2,0.26,0.5,2.025,19.41,0.0785251798561151,0.75,456.8,381.6,155.7,118.6,11.05,27.3,34.2,242.9,256.0,9.4,12.5,280.5,349.8
2017/2018,Illawarra Shoalhaven,0.1625,0.26875,0.4875,2.10178264604811,21.85,0.0875,0.725,389.9,397.7,109.5,105.0,11.1,25.0,30.4,254.9,262.4,9.1,12.9,371.2,416.8
2018/2019,Illawarra Shoalhaven,0.19,0.3639752650176678,0.5787985865724382,1.955,21.23713793103448,0.09,0.625,392.5,338.5,115.7,89.1,,24.2,28.4,251.7,239.0,10.1,10.4,339.7,401.5
2019/2020,Illawarra Shoalhaven,0.175,0.375,0.56875,1.84375,16.84375,0.0625,0.55,339.5,280.4,99.1,58.7,,24.5,30.5,240.3,225.6,9.1,7.7,340.0,395.7
2020/2021,Illawarra Shoalhaven,0.2,0.3374999999999999,0.45,1.8291666666666664,17.845833333333335,0.0666666666666666,0.55,294.3,247.6,72.9,47.4,,23.2,31.2,168.2,155.4,4.8,6.5,192.9,258.3
2021/2022,Illawarra Shoalhaven,0.1636363636363636,0.2727272727272727,0.2954545454545454,1.804545454545455,15.259090909090908,0.0727272727272727,,264.7,246.5,69.7,52.7,,,,158.6,146.3,,,,
2022/2023,Illawarra Shoalhaven,0.1727272727272727,0.3045454545454545,0.3863636363636363,1.8909090909090909,15.395454545454545,0.0545454545454545,,268.9,269.5,,,,,,,,,,,
2023/2024,Illawarra Shoalhaven,0.1,0.4549999999999999,0.6950000000000001,1.8394444444444449,19.33,0.07,,,,,,,,,,,,,,
2001/2002,Mid North Coast,,,,,,,,,,179.7,199.1,,,,268.1,351.3,,,301.8,381.6
2002/2003,Mid North Coast,,,,,,,,,,175.8,179.0,,,,230.2,351.9,,,332.7,427.1
2003/2004,Mid North Coast,,,,,,,,,,183.1,144.1,14.65,,,244.9,394.6,,,365.0,504.8
2004/2005,Mid North Coast,,,,,,,,,,201.6,163.4,13.8,,,206.8,366.0,,,337.4,421.5
2005/2006,Mid North Coast,,,,,,,,,,178.6,123.2,12.35,,,202.0,340.3,,,280.8,403.7
2006/2007,Mid North Coast,,,,,,,,,,180.9,168.5,11.3,,,169.9,292.5,,,278.4,389.1
2007/2008,Mid North Coast,,,,,,,,,,178.8,142.3,12.05,,,237.9,287.0,,,339.7,430.9
2008/2009,Mid North Coast,,,,,,,,,,147.0,129.6,12.1,,,266.2,318.7,,,357.1,391.0
2009/2010,Mid North Coast,,,,,,,,,,129.0,145.5,10.35,,,241.8,327.4,,,319.0,376.8
2010/2011,Mid North Coast,,,,,,,,,,166.5,144.4,8.3,,,264.8,303.2,,,292.9,340.1
2011/2012,Mid North Coast,,,,,,,0.95,,,180.8,122.2,9.25,18.8,38.8,267.9,335.0,10.6,9.8,300.6,393.0
2012/2013,Mid North Coast,,,,,,,1.0499999999999998,,,157.7,155.3,13.75,20.0,40.0,295.1,322.3,10.5,10.8,329.4,399.6
2013/2014,Mid North Coast,,,,,,,0.975,,,205.6,135.7,17.950000000000003,25.9,38.4,273.0,309.5,6.8,12.8,277.9,324.7
2014/2015,Mid North Coast,,,,,,,0.75,495.6,478.8,168.5,167.6,19.1,24.5,33.7,289.7,303.9,8.5,12.3,342.3,399.9
2015/2016,Mid North Coast,,,,,,,0.55,487.5,517.4,136.0,145.2,16.700000000000003,21.0,35.3,292.0,355.1,6.7,11.5,357.0,451.9
2016/2017,Mid North Coast,,,,,,,0.425,462.2,511.6,179.2,167.8,13.05,22.5,38.9,264.5,331.8,6.7,9.2,298.2,407.4
2017/2018,Mid North Coast,,,,,,,0.525,422.3,471.1,137.7,169.5,11.85,24.4,36.5,289.0,313.1,8.7,8.8,355.7,428.2
2018/2019,Mid North Coast,,,,,,,0.725,477.4,429.7,150.6,139.0,,29.0,36.2,268.5,264.9,9.1,8.8,342.1,399.1
2019/2020,Mid North Coast,,,,,,,0.85,493.9,409.8,120.5,124.2,,25.9,32.4,272.8,242.3,8.7,6.4,341.3,392.9
2020/2021,Mid North Coast,,,,,,,0.85,360.6,324.7,80.5,86.2,,22.9,27.5,224.3,181.9,5.3,4.2,243.3,292.6
2021/2022,Mid North Coast,,,,,,,,384.8,334.9,64.2,88.2,,,,190.0,177.7,,,,
2022/2023,Mid North Coast,,,,,,,,447.9,330.1,,,,,,,,,,,
2000/2001,Murrumbidgee,,0.1126760563380281,0.3544600938967136,1.93302752293578,,0.0651162790697674,,,,,,,,,,,,,,
2001/2002,Murrumbidgee,,0.1126760563380281,0.3544600938967136,1.93302752293578,,0.0651162790697674,,,,267.9,228.8,,,,335.6,634.5,,,333.3,464.6
2002/2003,Murrumbidgee,,0.1126760563380281,0.3544600938967136,1.93302752293578,,0.0651162790697674,,,,231.0,187.4,,,,396.5,696.5,,,368.0,534.8
2003/2004,Murrumbidgee,,0.1126760563380281,0.3544600938967136,1.9330275229357805,,0.0651162790697674,,,,262.2,199.2,15.15,,,428.8,726.4,,,401.5,475.2
2004/2005,Murrumbidgee,,0.1126760563380281,0.3544600938967136,1.93302752293578,,0.0651162790697674,,,,231.6,219.0,15.1,,,423.9,677.0,,,369.5,485.3
2005/2006,Murrumbidgee,,0.1126760563380281,0.3544600938967136,1.93302752293578,,0.0569767441860465,,,,235.3,247.2,16.2,,,408.8,567.4,,,357.2,509.7
2006/2007,Murrumbidgee,,0.175,0.4624999999999999,2.0375,,0.1,,,,210.8,185.1,17.049999999999997,,,343.1,466.1,,,327.0,421.8
2007/2008,Murrumbidgee,,0.1236306729264475,0.383828899321857,1.9222222222222225,,0.0439276485788113,,,,191.5,195.3,16.45,,,361.8,537.2,,,400.6,484.8
2008/2009,Murrumbidgee,,,,,,,,,,207.2,210.7,16.299999999999997,,,400.7,446.9,,,374.6,465.7
2009/2010,Murrumbidgee,,0.1,0.2285714285714286,2.185714285714286,,0.0714285714285714,,,,193.4,189.4,16.95,,,371.9,435.1,,,352.8,446.1
2010/2011,Murrumbidgee,,0.1777777777777777,0.2,1.7666666666666666,,0.0516795865633075,,,,212.3,216.4,17.05,,,362.1,454.3,,,433.8,520.0
2011/2012,Murrumbidgee,,0.202112676056338,0.2590766823161189,1.8166666666666669,,0.05,0.9,,,213.1,238.7,16.4,19.9,35.0,373.1,428.5,9.3,10.6,345.9,504.5
2012/2013,Murrumbidgee,,0.1,0.4090909090909091,1.9,,0.0636363636363636,0.9,,,220.8,214.8,16.0,19.7,33.8,370.7,405.5,9.2,8.0,340.5,438.9
2013/2014,Murrumbidgee,,0.0111111111111111,0.4333333333333333,2.1222222222222222,,0.0888888888888888,0.925,,,261.7,218.7,18.0,21.5,35.8,408.9,409.9,8.8,6.9,342.3,459.5
2014/2015,Murrumbidgee,,0.01,0.3299999999999999,2.093302752293578,,0.05,0.975,652.8,618.8,221.0,189.1,21.3,26.9,39.2,413.6,420.6,8.6,10.1,403.3,562.2
2015/2016,Murrumbidgee,,0.0545454545454545,0.3909090909090909,1.9363636363636365,,0.0818181818181818,1.05,668.1,651.0,193.9,177.4,23.8,31.4,36.2,363.9,429.9,7.4,13.4,436.5,577.6
2016/2017,Murrumbidgee,,0.05,0.3399999999999999,2.03,,0.06,1.2000000000000002,749.9,729.6,248.7,198.5,24.05,28.2,31.9,394.9,431.0,7.9,16.7,470.3,536.3
2017/2018,Murrumbidgee,,0.0875,0.35,2.025,,0.0875,1.3250000000000002,653.7,557.8,226.9,163.7,21.7,23.0,35.8,382.3,431.7,8.7,11.8,498.7,590.3
2018/2019,Murrumbidgee,,0.12,0.39,1.85,,0.08,1.425,670.5,501.0,229.5,155.8,,27.9,38.2,381.3,432.1,9.2,8.2,487.7,574.7
2019/2020,Murrumbidgee,,0.125,0.3125,1.8875,,0.0125,1.425,640.3,478.0,179.1,110.5,,29.0,34.7,351.7,395.6,8.0,6.3,479.1,509.6
2020/2021,Murrumbidgee,,0.1,0.2416666666666666,1.8833333333333333,,0.0166666666666666,1.35,607.9,458.9,143.2,93.6,,24.8,34.3,260.4,297.5,5.8,5.2,262.2,377.6
2021/2022,Murrumbidgee,,0.1,0.2454545454545454,1.8575479566305253,,0.0363636363636363,,582.8,463.2,191.0,103.4,,,,252.3,241.4,,,,
2022/2023,Murrumbidgee,,0.1181818181818181,0.3727272727272727,1.8727272727272728,,0.0363636363636363,,761.7,651.8,,,,,,,,,,,
2023/2024,Murrumbidgee,,0.14,0.45,1.87,,0.07,,,,,,,,,,,,,,
2000/2001,Nepean Blue Mountains,,0.24375,0.66875,1.975,17.033688210415015,0.069174537968552,,,,,,,,,,,,,,
2001/2002,Nepean Blue Mountains,,0.3125,0.6375,1.8762412891986064,16.395737179487178,0.0375,,,,156.1,161.1,,,,196.5,379.6,,,263.9,410.2
2002/2003,Nepean Blue Mountains,,0.525,0.8,1.8,15.95,0.05,,,,140.8,134.7,,,,237.8,347.6,,,293.1,344.1
2003/2004,Nepean Blue Mountains,,0.315,0.705,1.9609930313588848,19.501589743589744,0.04,,,,133.2,135.2,15.95,,,222.7,307.2,,,290.7,362.0
2004/2005,Nepean Blue Mountains,,0.2110863095238095,0.5862705498866213,2.067794698251552,16.683333333333334,0.0738389182833627,,,,168.0,175.5,14.5,,,239.6,290.6,,,276.0,364.9
2005/2006,Nepean Blue Mountains,,0.2553571428571428,0.6144451530612245,2.04375,17.075,0.05,,,,172.2,174.7,13.5,,,222.2,315.5,,,253.4,341.5
2006/2007,Nepean Blue Mountains,,0.3116071428571428,0.6519451530612245,1.9637690355329949,17.425,0.0625,,,,180.8,198.7,13.75,,,267.4,358.9,,,262.6,344.1
2007/2008,Nepean Blue Mountains,,0.1848958333333333,0.4828125,1.86221447928765,14.294444444444444,0.0,,,,178.8,179.5,15.0,,,227.9,351.1,,,320.1,447.8
2008/2009,Nepean Blue Mountains,,,,,,,,,,176.7,193.9,16.15,,,243.7,288.9,,,251.5,340.9
2009/2010,Nepean Blue Mountains,,0.1214285714285714,0.5428571428571428,1.9214285714285717,17.37142857142857,0.0,,,,189.9,182.3,17.45,,,222.3,280.6,,,244.1,325.6
2010/2011,Nepean Blue Mountains,,0.0682291666666666,0.5217013888888888,1.7833333333333334,13.27777777777778,0.0055555555555555,,,,150.2,174.9,18.7,,,244.9,285.0,,,312.5,413.6
2011/2012,Nepean Blue Mountains,,0.0916666666666666,0.5083333333333334,1.7,12.9,0.0186913145539906,1.0,,,156.1,163.4,17.75,26.3,28.6,238.3,299.9,10.9,11.8,294.6,372.1
2012/2013,Nepean Blue Mountains,,0.1272727272727272,0.5136363636363637,1.8090909090909089,16.695454545454545,0.0227272727272727,0.925,,,160.4,180.3,16.450000000000003,26.9,30.7,221.9,275.9,10.8,12.2,268.0,329.0
2013/2014,Nepean Blue Mountains,,0.1222222222222222,0.4722222222222222,1.9444444444444444,15.901766381766382,0.0166666666666666,0.95,,,174.8,172.9,15.4,26.4,33.0,235.6,296.9,9.6,10.2,274.9,342.5
2014/2015,Nepean Blue Mountains,,0.1149999999999999,0.45,2.025,15.666589743589745,0.0014550264550264,1.0,447.0,379.1,188.8,176.4,14.65,28.4,35.2,241.1,289.6,9.7,11.6,320.3,392.5
2015/2016,Nepean Blue Mountains,,0.1285511363636363,0.5086647727272727,1.8454545454545452,16.154545454545453,0.0136363636363636,1.0,400.1,347.5,186.8,166.3,15.55,27.7,39.4,237.6,285.6,13.2,14.0,326.5,391.9
2016/2017,Nepean Blue Mountains,,0.1707142857142857,0.4893367346938775,1.941091370558376,15.769538461538463,0.0237301587301587,1.15,439.7,365.9,181.8,160.3,16.65,27.1,40.6,277.6,301.6,14.9,12.4,301.2,372.5
2017/2018,Nepean Blue Mountains,,0.2053571428571428,0.5593112244897959,1.9851522842639595,17.997147435897435,0.0395502645502645,1.2,397.1,320.8,161.5,150.3,17.6,26.4,33.3,271.7,271.9,11.4,12.9,386.6,479.6
2018/2019,Nepean Blue Mountains,,0.1978571428571428,0.5555612244897958,1.88515228426396,17.530897435897437,0.0345502645502645,1.075,406.2,332.5,197.8,143.1,,24.3,27.1,247.4,224.9,9.4,13.0,370.6,425.4
2019/2020,Nepean Blue Mountains,,0.2241071428571428,0.4968112244897958,1.7476522842639597,16.078397435897436,0.0208002645502645,0.775,366.3,275.4,138.1,109.2,,21.9,25.0,209.6,207.6,8.0,12.0,354.3,376.5
2020/2021,Nepean Blue Mountains,,0.1886904761904762,0.4280612244897959,1.8101522842639597,15.53673076923077,0.0228835978835978,0.55,268.0,235.1,119.1,94.1,,20.1,22.4,141.0,132.4,6.3,9.0,182.8,247.3
2021/2022,Nepean Blue Mountains,,0.1837662337662337,0.3928339517625232,1.788327767317491,14.468334174416649,0.0327320827320827,,271.6,236.5,113.1,85.1,,,,122.5,160.6,,,,
2022/2023,Nepean Blue Mountains,,0.1928571428571428,0.3973794063079777,1.773788647900323,14.0795337995338,0.0281866281866281,,291.9,260.8,,,,,,,,,,,
2023/2024,Nepean Blue Mountains,,0.2178571428571428,0.4955612244897959,1.8101522842639592,15.828577848268573,0.0195502645502645,,,,,,,,,,,,,,
2001/2002,Northern NSW,,,,,,,,,,222.6,226.6,,,,180.0,277.8,,,288.3,375.9
2002/2003,Northern NSW,,,,,,,,,,217.6,180.3,,,,195.0,311.0,,,318.4,362.3
2003/2004,Northern NSW,,,,,,,,,,217.8,169.6,11.1,,,241.3,279.4,,,257.0,346.5
2004/2005,Northern NSW,,,,,,,,,,182.3,204.7,10.75,,,210.0,256.0,,,242.2,306.6
2005/2006,Northern NSW,,,,,,,,,,203.2,183.8,11.75,,,237.5,275.5,,,251.2,328.9
2006/2007,Northern NSW,,,,,,,,,,171.4,180.7,12.95,,,190.6,248.4,,,235.6,282.3
2007/2008,Northern NSW,,,,,,,,,,184.1,201.8,12.85,,,212.6,288.3,,,278.8,350.7
2008/2009,Northern NSW,,,,,,,,,,173.9,212.4,12.8,,,245.7,334.0,,,291.2,313.0
2009/2010,Northern NSW,,,,,,,,,,192.8,181.8,12.8,,,233.8,278.4,,,265.5,342.4
2010/2011,Northern NSW,,,,,,,,,,162.0,158.1,12.75,,,238.8,299.7,,,233.1,306.5
2011/2012,Northern NSW,,,,,,,0.95,,,151.9,148.0,11.65,21.4,31.5,231.4,299.1,5.8,8.9,269.2,348.9
2012/2013,Northern NSW,,,,,,,0.95,,,124.6,168.6,10.95,17.3,31.3,263.7,308.4,5.0,9.7,245.6,287.0
2013/2014,Northern NSW,,,,,,,0.925,,,153.8,165.9,11.5,17.4,27.7,248.5,289.4,7.4,8.8,224.4,325.9
2014/2015,Northern NSW,,,,,,,0.825,663.2,569.8,174.4,153.1,12.65,18.6,29.0,228.1,308.5,8.2,9.4,291.9,320.6
2015/2016,Northern NSW,,,,,,,0.825,669.9,649.9,186.3,164.1,12.5,20.5,31.3,230.1,285.6,7.7,10.0,303.2,387.6
2016/2017,Northern NSW,,,,,,,0.95,620.7,544.5,180.6,140.5,12.15,22.1,29.7,250.5,293.6,8.7,11.0,273.4,375.9
2017/2018,Northern NSW,,,,,,,1.175,664.0,580.1,180.8,146.8,13.0,22.6,30.1,272.3,256.1,8.2,10.1,358.9,445.0
2018/2019,Northern NSW,,,,,,,1.35,583.3,496.5,144.8,111.7,,22.8,31.3,248.2,277.1,5.7,10.7,344.3,400.1
2019/2020,Northern NSW,,,,,,,1.175,558.3,460.8,109.4,96.1,,21.9,32.5,229.6,282.9,4.7,10.3,383.1,414.1
2020/2021,Northern NSW,,,,,,,1.0,480.8,375.9,79.9,84.1,,19.4,28.2,158.8,191.2,3.3,5.8,190.4,225.8
2021/2022,Northern NSW,,,,,,,,518.8,389.2,81.5,59.9,,,,164.4,174.2,,,,
2022/2023,Northern NSW,,,,,,,,552.4,449.9,,,,,,,,,,,
2000/2001,Northern Sydney,,0.6375,0.9125,1.6655128205128205,15.675,0.1,,,,,,,,,,,,,,
2001/2002,Northern Sydney,,0.775,0.975,1.75,15.2625,0.1125,,,,110.2,119.9,,,,127.8,160.9,,,186.8,248.5
2002/2003,Northern Sydney,,0.6201058201058202,0.8883597883597883,1.6,17.269587628865978,0.0866492146596858,,,,92.7,110.1,,,,112.8,129.2,,,179.8,247.3
2003/2004,Northern Sydney,,0.572010582010582,0.8888359788359788,1.81,16.83567010309278,0.1,,,,91.7,121.9,10.9,,,106.9,134.4,,,204.1,251.5
2004/2005,Northern Sydney,,0.5222810111699001,0.8379776601998824,1.7107122507122507,15.855097365406642,0.0910994764397905,,,,114.5,148.7,10.9,,,104.7,142.2,,,199.4,264.3
2005/2006,Northern Sydney,,0.6201058201058202,0.8883597883597883,1.6241025641025642,15.739175257731956,0.0732984293193717,,,,102.7,128.8,10.95,,,96.1,127.8,,,191.7,242.9
2006/2007,Northern Sydney,,0.7175925925925926,0.9273148148148148,1.5710897435897435,15.15927835051546,0.0766361256544502,,,,114.5,134.9,11.6,,,91.7,117.1,,,164.1,240.2
2007/2008,Northern Sydney,,0.6556143445032334,0.9157554379776602,1.658233618233618,14.948797250859108,0.0910994764397905,,,,104.9,143.1,12.1,,,111.5,142.4,,,197.3,280.1
2008/2009,Northern Sydney,,,,,,,,,,111.0,149.1,12.15,,,104.3,127.0,,,208.1,268.7
2009/2010,Northern Sydney,,0.4142857142857143,0.8428571428571429,1.5605860805860807,16.942857142857143,0.0104712041884816,,,,109.8,162.7,12.65,,,106.4,127.5,,,200.7,247.1
2010/2011,Northern Sydney,,0.3888888888888889,0.8999999999999999,1.5555555555555556,12.7,0.0111111111111111,,,,98.0,145.1,13.8,,,113.3,123.4,,,217.9,267.0
2011/2012,Northern Sydney,,0.3999999999999999,0.85,1.5833333333333333,12.9,0.0333333333333333,0.4,,,113.3,159.2,15.3,11.6,17.6,116.7,133.2,9.5,8.8,237.8,283.3
2012/2013,Northern Sydney,,0.4272727272727273,0.8,1.5636363636363635,14.745454545454544,0.0909090909090909,0.35,,,122.5,160.8,16.799999999999997,10.8,17.1,105.4,123.1,8.1,8.6,199.5,241.3
2013/2014,Northern Sydney,,0.3111111111111111,0.8111111111111111,1.588888888888889,13.666666666666666,0.0888888888888888,0.4,,,135.1,167.3,17.45,11.5,14.8,106.9,127.0,7.2,9.0,197.4,257.5
2014/2015,Northern Sydney,,0.24,0.73,1.81,14.330000000000002,0.03,0.55,221.3,283.0,111.2,127.3,16.3,12.3,14.3,120.8,128.0,8.7,9.2,264.6,306.7
2015/2016,Northern Sydney,,0.3636363636363636,0.7636363636363637,1.6727272727272726,15.445454545454544,0.0727272727272727,0.6499999999999999,211.7,263.9,117.3,127.2,15.3,12.6,14.0,116.0,138.7,9.6,8.4,274.3,334.9
2016/2017,Northern Sydney,,0.2299999999999999,0.65,1.91,15.88,0.09,0.625,215.5,243.2,124.4,124.4,15.2,12.1,14.0,109.3,112.2,11.9,10.5,261.8,319.8
2017/2018,Northern Sydney,,0.2,0.65,2.05,17.65,0.075,0.45,195.6,216.7,100.3,101.2,14.75,11.0,12.2,102.9,115.4,11.1,11.5,306.0,382.4
2018/2019,Northern Sydney,,0.29,0.78,1.81,17.8,0.1,0.3,195.0,223.0,116.3,118.1,,10.1,11.0,93.4,115.8,9.1,9.5,302.4,357.5
2019/2020,Northern Sydney,,0.6201058201058202,0.8883597883597883,1.6241025641025642,15.739175257731956,0.0732984293193717,0.3,169.1,183.5,95.9,84.4,,8.8,11.0,78.9,95.9,8.2,7.8,288.3,338.1
2020/2021,Northern Sydney,,0.6201058201058202,0.8883597883597883,1.6241025641025642,15.739175257731956,0.0732984293193717,0.35,129.6,146.1,74.5,69.9,,7.9,11.5,58.1,66.3,5.7,6.3,136.4,182.5
2021/2022,Northern Sydney,,0.6201058201058202,0.8883597883597883,1.6241025641025642,15.739175257731956,0.0732984293193717,,119.7,131.2,61.7,58.3,,,,56.1,65.5,,,,
2022/2023,Northern Sydney,,0.6201058201058202,0.8883597883597883,1.6241025641025642,15.739175257731956,0.0732984293193717,,146.9,163.4,,,,,,,,,,,
2023/2024,Northern Sydney,,0.6201058201058202,0.8883597883597882,1.624102564102564,15.739175257731954,0.0732984293193717,,,,,,,,,,,,,,
2000/2001,South Eastern Sydney,,0.8125,0.8125,2.0125,19.4875,0.1,,,,,,,,,,,,,,
2001/2002,South Eastern Sydney,,0.95,0.925,1.975,17.69978373702422,0.1125,,,,146.1,167.6,,,,151.6,255.2,,,210.7,282.0
2002/2003,South Eastern Sydney,,1.6,1.45,1.7000000000000002,18.55,0.15,,,,130.5,149.8,,,,138.2,271.2,,,228.4,292.5
2003/2004,South Eastern Sydney,,0.94,1.02,1.920173611111111,21.16,0.12,,,,123.9,136.2,13.0,,,147.3,231.4,,,224.7,301.1
2004/2005,South Eastern Sydney,,0.6551697530864197,0.800733024691358,2.011304012345679,19.32202998846597,0.1226190476190476,,,,148.7,150.1,12.9,,,136.4,229.2,,,207.4,281.8
2005/2006,South Eastern Sydney,,0.7,0.875,2.075,19.3625,0.1125,,,,152.1,148.8,11.85,,,126.7,192.6,,,188.8,270.1
2006/2007,South Eastern Sydney,,0.9875,0.975,1.9252170138888889,19.125,0.1375,,,,137.7,163.0,10.15,,,115.3,203.0,,,184.8,262.9
2007/2008,South Eastern Sydney,,0.654783950617284,0.7681327160493827,1.9222222222222225,17.477777777777778,0.0785714285714285,,,,153.6,155.6,9.0,,,130.0,220.0,,,215.5,276.0
2008/2009,South Eastern Sydney,,,,,,,,,,140.6,140.0,9.2,,,131.2,202.4,,,187.0,256.9
2009/2010,South Eastern Sydney,,0.5428571428571428,0.5714285714285714,2.3716765873015877,19.25714285714286,0.1,,,,157.3,145.7,10.4,,,110.5,172.8,,,201.4,258.6
2010/2011,South Eastern Sydney,,0.5444444444444445,0.588888888888889,1.9,15.366666666666667,0.0896825396825396,,,,118.0,139.6,13.1,,,116.1,170.4,,,195.9,260.5
2011/2012,South Eastern Sydney,,0.5833333333333334,0.6333333333333333,1.85,15.966666666666669,0.1166666666666666,0.6,,,139.1,135.8,13.65,11.9,18.8,134.3,171.8,6.0,8.0,224.0,304.6
2012/2013,South Eastern Sydney,,0.7087752525252525,0.5733270202020203,1.9183396464646465,19.30909090909091,0.1006493506493506,0.575,,,125.0,140.9,12.05,13.1,21.5,121.5,164.7,5.9,7.2,194.9,258.9
2013/2014,South Eastern Sydney,,0.7777777777777778,0.6777777777777778,1.8888888888888888,18.4,0.1,0.525,,,142.4,146.5,9.95,13.9,22.1,122.7,167.4,6.4,8.0,195.9,240.2
2014/2015,South Eastern Sydney,,0.6996527777777778,0.7006597222222222,2.05,19.09,0.1,0.5,279.4,308.4,127.6,145.4,9.15,13.6,20.3,123.3,154.2,7.0,8.5,251.1,309.0
2015/2016,South Eastern Sydney,,0.5727272727272728,0.890909090909091,1.8727272727272728,17.88181818181818,0.0909090909090909,0.55,253.3,274.9,121.2,118.6,9.45,14.1,18.1,125.6,150.1,5.9,8.5,231.1,291.4
2016/2017,South Eastern Sydney,,0.41,0.61,2.16,18.8,0.1,0.6499999999999999,250.0,269.2,114.4,116.0,9.2,15.8,19.4,122.2,161.8,8.0,9.8,247.0,316.0
2017/2018,South Eastern Sydney,,0.2875,0.5,2.325,21.15,0.1,0.675,216.3,234.7,107.6,110.3,10.35,15.2,18.5,119.1,142.0,8.2,9.5,300.0,351.5
2018/2019,South Eastern Sydney,,0.51,0.6799999999999999,2.03,21.15,0.1,0.65,240.7,237.8,124.5,119.1,,13.9,14.6,117.9,140.7,6.6,8.4,316.5,368.3
2019/2020,South Eastern Sydney,,0.5375,0.7,1.875,17.5625,0.1,0.6000000000000001,230.7,205.6,105.6,95.5,,14.1,16.1,105.7,136.5,5.8,6.4,296.7,337.9
2020/2021,South Eastern Sydney,,0.4083333333333334,0.5166666666666667,1.9583333333333333,17.458333333333332,0.1,0.55,178.3,174.3,75.3,69.7,,12.0,16.2,65.0,91.8,4.2,5.2,135.0,187.1
2021/2022,South Eastern Sydney,,0.2727272727272727,0.5454545454545454,1.9272727272727272,15.636363636363637,0.0909090909090909,,180.9,158.6,81.3,74.5,,,,62.4,75.6,,,,
2022/2023,South Eastern Sydney,,0.3545454545454545,0.6909090909090909,1.9090909090909087,14.554545454545456,0.1,,218.0,190.0,,,,,,,,,,,
2023/2024,South Eastern Sydney,,0.41,0.8,1.88,16.880000000000003,0.09,,,,,,,,,,,,,,
2000/2001,South Western Sydney,0.3297523041474654,0.8051910848902,0.8213833169452638,1.9147305124222285,17.67513718919969,0.0556372549019607,,,,,,,,,,,,,,
2001/2002,South Western Sydney,0.3040826612903226,0.9044617017733168,0.8004406221400691,1.87568571403148,17.76888718919969,0.0570772058823529,,,,158.5,162.4,,,,222.3,370.2,,,218.9,343.3
2002/2003,South Western Sydney,0.3485023041474654,1.522373320222878,1.0033861029170763,1.766564029136302,18.09786689005439,0.0431372549019607,,,,140.8,156.5,,,,221.0,347.9,,,249.7,326.7
2003/2004,South Western Sydney,0.3214516129032257,0.9635891934090164,0.8483038014361908,2.007796906632116,20.696748530596807,0.0276225490196078,,,,138.8,139.6,15.75,,,230.6,315.1,,,252.7,342.7
2004/2005,South Western Sydney,0.2578693036354326,0.7611450022184695,0.7644102844240503,1.976452133272056,18.46527930167322,0.0301742919389978,,,,142.0,149.4,13.8,,,216.5,318.8,,,237.5,302.8
2005/2006,South Western Sydney,0.2904377880184332,0.7772094014842909,0.7821947400149833,1.9965646853146848,19.29247159090909,0.050719975490196,,,,138.1,179.8,12.8,,,202.9,298.0,,,234.6,255.1
2006/2007,South Western Sydney,0.26875,0.9561253306878308,0.8380796957671958,1.9696698113207547,19.04559659090909,0.0416666666666666,,,,164.9,177.7,13.1,,,203.5,303.9,,,218.2,270.3
2007/2008,South Western Sydney,0.1856470814132104,0.6898916359360804,0.6776297151408263,1.8045112340234288,16.638304924242423,0.0354592003664441,,,,161.1,170.5,14.3,,,243.3,295.3,,,248.2,301.5
2008/2009,South Western Sydney,,,,,,,,,,157.5,174.0,15.25,,,238.7,300.1,,,218.1,300.6
2009/2010,South Western Sydney,0.35,0.5683638287638288,0.6881710437710439,1.9498113207547167,18.741416396103894,0.0345784957092377,,,,178.9,183.7,15.55,,,219.0,276.6,,,236.4,280.4
2010/2011,South Western Sydney,0.3555555555555555,0.4926849927849928,0.5991620490620491,1.8511111111111112,16.0479976442874,0.0302696078431372,,,,155.3,170.5,15.7,,,190.1,270.0,,,231.2,296.2
2011/2012,South Western Sydney,0.3916666666666666,0.6037454545454546,0.6872242424242424,1.76801393728223,15.735998233215549,0.0333333333333333,0.75,,,187.2,204.8,16.4,19.6,29.0,233.4,282.8,4.2,7.1,268.9,332.4
2012/2013,South Western Sydney,0.3363636363636363,0.630909090909091,0.6927272727272727,1.810909090909091,18.043181818181814,0.0303030303030303,0.725,,,167.1,175.2,16.7,19.6,30.2,208.4,288.8,4.7,8.0,235.9,295.5
2013/2014,South Western Sydney,0.3333333333333333,0.6356929292929292,0.724630303030303,1.8266666666666664,17.197222222222223,0.0407407407407407,0.725,,,171.4,174.0,15.0,19.0,31.9,195.0,268.4,5.7,7.7,237.2,291.0
2014/2015,South Western Sydney,0.2847321428571429,0.472,0.6300000000000001,1.954,16.41,0.0166666666666666,0.75,341.8,364.8,183.6,178.8,11.7,19.0,29.3,191.1,256.2,6.3,7.5,297.4,339.4
2015/2016,South Western Sydney,0.3088474025974025,0.6472727272727273,0.7436363636363637,1.849090909090909,17.238636363636363,0.0333333333333333,0.875,335.1,366.2,165.6,181.0,10.7,21.3,29.5,213.2,265.2,8.0,8.2,308.9,361.2
2016/2017,South Western Sydney,0.275,0.4679999999999999,0.67,1.97,17.3975,0.0366666666666666,1.025,331.8,322.1,184.5,167.7,12.5,22.1,33.6,221.0,275.6,8.9,9.6,328.5,386.1
2017/2018,South Western Sydney,0.25625,0.4725,0.6775,2.1425,20.76875,0.05,1.1,292.5,280.8,177.3,150.1,13.35,20.5,28.7,229.3,244.7,8.6,9.6,378.6,434.3
2018/2019,South Western Sydney,0.2123502304147465,0.6940000000000001,0.752,1.948,20.2575,0.0633333333333333,1.025,306.8,311.3,168.3,171.9,,19.1,23.4,215.7,257.5,7.7,9.9,358.4,413.1
2019/2020,South Western Sydney,0.14375,0.7376545454545455,0.6902090909090909,1.7685104529616726,16.746875,0.0172114252061248,0.8500000000000001,268.3,240.6,143.8,125.2,,17.1,24.2,189.2,212.6,5.9,8.7,326.3,384.7
2020/2021,South Western Sydney,0.0833333333333333,0.6116666666666667,0.555,1.8416666666666668,16.506249999999998,0.0333333333333333,0.8,220.6,211.7,104.8,100.9,,15.4,23.3,113.5,151.1,4.8,6.3,176.4,233.6
2021/2022,South Western Sydney,0.0289222873900293,0.5054545454545454,0.4636363636363636,1.761193181818182,13.870454545454544,0.0,,217.2,207.4,98.9,96.7,,,,105.2,127.0,,,,
2022/2023,South Western Sydney,0.0422287390029325,0.6358975363333368,0.5639000835849589,1.7930472103004291,14.413684926184926,0.0173685383244206,,250.3,248.3,,,,,,,,,,,
2023/2024,South Western Sydney,0.1576987327188939,0.7267962027353179,0.6590876267095737,1.855931330472103,17.830790598290598,0.0364705882352941,,,,,,,,,,,,,,
2001/2002,Southern NSW,,,,,,,,,,192.9,160.5,,,,237.0,356.9,,,271.7,350.9
2002/2003,Southern NSW,,,,,,,,,,143.9,125.3,,,,227.6,357.4,,,299.9,376.0
2003/2004,Southern NSW,,,,,,,,,,164.4,120.7,12.6,,,206.3,337.1,,,292.5,397.7
2004/2005,Southern NSW,,,,,,,,,,171.4,110.8,13.35,,,249.5,342.5,,,275.5,371.6
2005/2006,Southern NSW,,,,,,,,,,159.4,108.8,16.8,,,246.6,286.6,,,238.2,322.0
2006/2007,Southern NSW,,,,,,,,,,145.1,119.6,19.4,,,190.2,260.6,,,249.4,298.6
2007/2008,Southern NSW,,,,,,,,,,149.3,106.0,17.6,,,216.1,266.5,,,303.6,406.6
2008/2009,Southern NSW,,,,,,,,,,158.2,119.3,14.0,,,264.9,246.3,,,317.0,391.8
2009/2010,Southern NSW,,,,,,,,,,156.1,140.9,12.9,,,240.5,287.6,,,299.7,391.5
2010/2011,Southern NSW,,,,,,,,,,134.3,145.7,14.15,,,234.9,307.8,,,395.9,456.5
2011/2012,Southern NSW,,,,,,,0.75,,,151.7,151.0,14.75,21.8,37.0,279.6,336.3,8.7,15.9,313.1,432.4
2012/2013,Southern NSW,,,,,,,0.95,,,138.9,153.5,13.35,22.4,33.2,269.5,294.0,8.7,14.2,296.5,362.3
2013/2014,Southern NSW,,,,,,,1.025,,,134.7,125.8,12.8,29.2,29.3,226.1,249.9,9.9,12.7,278.1,354.1
2014/2015,Southern NSW,,,,,,,0.9,428.6,403.3,122.4,111.4,12.75,32.9,33.4,219.1,267.0,8.8,13.0,315.8,371.9
2015/2016,Southern NSW,,,,,,,0.875,465.2,414.6,125.5,104.9,12.9,28.6,33.4,224.7,289.5,8.6,9.7,347.7,414.9
2016/2017,Southern NSW,,,,,,,0.8,476.8,453.7,129.3,129.1,13.3,27.4,36.0,261.3,308.4,13.3,15.0,391.8,451.2
2017/2018,Southern NSW,,,,,,,0.7,445.1,425.0,153.0,133.9,13.0,30.8,38.9,313.5,353.1,11.3,16.2,440.0,505.3
2018/2019,Southern NSW,,,,,,,0.625,560.6,427.8,144.9,160.1,,29.4,38.6,304.0,315.8,9.5,9.4,383.7,457.8
2019/2020,Southern NSW,,,,,,,0.55,492.2,370.3,121.1,93.5,,24.0,35.4,251.0,272.4,8.0,7.4,344.0,425.4
2020/2021,Southern NSW,,,,,,,0.5,375.0,331.7,93.0,73.2,,22.1,32.6,156.7,230.0,3.9,4.5,255.7,306.4
2021/2022,Southern NSW,,,,,,,,390.5,310.5,99.1,47.6,,,,140.7,190.1,,,,
2022/2023,Southern NSW,,,,,,,,440.6,418.8,,,,,,,,,,,
2000/2001,Sydney,0.2875,1.36875,1.2875,1.54375,19.335140041493776,,,,,,,,,,,,,,,
2001/2002,Sydney,0.2625,1.7375,1.3125,1.5062279151943463,19.14139004149378,,,,,148.8,150.9,,,,161.0,313.6,,,222.3,345.0
2002/2003,Sydney,0.3,2.825,1.75,1.375,19.51639004149378,,,,,146.6,134.4,,,,150.9,282.3,,,219.4,349.1
2003/2004,Sydney,0.26,1.595,1.31,1.585,22.737576777843184,,,,,134.5,144.8,11.2,,,176.0,298.8,,,221.1,362.4
2004/2005,Sydney,0.2181307661452066,1.1111733001658377,1.1398284313725489,1.6610914801727523,20.05113417916186,,,,,134.2,151.7,11.95,,,150.3,326.7,,,214.7,364.8
2005/2006,Sydney,0.2125,1.318377192982456,1.2233991228070176,1.6875,22.28125,,,,,125.7,150.7,12.85,,,137.7,283.7,,,201.7,285.2
2006/2007,Sydney,0.225,1.59375,1.2625,1.5499779151943462,20.99375,,,,,153.6,149.1,13.55,,,148.3,275.6,,,184.1,301.6
2007/2008,Sydney,0.1444444444444444,1.1610284833144222,1.0690018346519894,1.4835823754789272,17.916666666666668,,,,,141.0,142.7,14.4,,,163.6,283.1,,,212.9,291.4
2008/2009,Sydney,,,,,,,,,,140.7,147.6,13.5,,,171.8,340.0,,,193.2,249.4
2009/2010,Sydney,0.3947395564724085,0.857222814498934,0.9654936974789916,1.757117617364967,19.83091286307054,,,,,131.9,158.1,11.5,,,168.3,250.0,,,202.8,257.6
2010/2011,Sydney,0.3111111111111111,0.8500621890547264,0.928717320261438,1.611360153256705,17.06780084582853,,,,,115.5,128.9,8.899999999999999,,,133.5,254.7,,,220.2,279.2
2011/2012,Sydney,0.3666666666666667,0.8416666666666668,0.9499999999999998,1.6583333333333332,16.2,,0.8,,,148.6,136.4,8.75,14.0,26.5,150.3,270.0,7.2,9.2,220.1,311.6
2012/2013,Sydney,0.3057433541188054,0.9682327001356852,1.0644050802139038,1.695454545454545,19.404545454545456,,1.0,,,111.5,158.0,9.3,13.1,27.8,153.6,263.6,6.8,8.7,198.2,284.4
2013/2014,Sydney,0.2333333333333333,0.8388888888888889,1.0444444444444445,1.5499999999999998,18.32777777777778,,1.075,,,122.0,150.4,8.95,10.5,31.1,149.1,279.0,5.2,9.0,203.5,265.8
2014/2015,Sydney,0.2299999999999999,0.7997017543859649,0.9337192982456142,1.72,17.990000000000002,,0.85,263.0,283.1,127.3,130.1,9.45,11.1,29.5,148.7,238.9,7.2,7.9,261.7,336.0
2015/2016,Sydney,0.2909090909090909,0.9360925039872408,0.9851993620414672,1.5272727272727271,16.986363636363635,,0.575,251.0,287.6,111.3,117.8,10.1,12.1,23.3,136.8,241.5,8.3,8.4,260.9,337.7
2016/2017,Sydney,0.2063176895306859,0.67,0.98,1.6599999999999997,17.605,,0.375,255.5,263.7,128.9,121.7,10.9,11.1,24.5,150.4,246.9,9.8,13.3,280.6,376.6
2017/2018,Sydney,0.1986913357400722,0.775419776119403,0.996920955882353,1.818683745583039,18.97489626556017,,0.425,208.6,229.5,108.7,118.8,10.3,10.9,26.0,149.2,236.8,8.9,13.9,319.9,419.7
2018/2019,Sydney,0.1963176895306859,0.915,1.02,1.66,19.41,,0.525,233.1,244.4,124.0,116.1,,11.3,23.4,162.2,240.1,8.2,12.1,281.5,384.0
2019/2020,Sydney,0.225,1.0,1.025,1.49375,16.1625,,0.6000000000000001,199.2,202.8,116.8,99.2,,10.0,20.2,146.6,204.0,6.9,9.8,297.2,382.0
2020/2021,Sydney,0.2166666666666666,0.7458333333333332,0.8458333333333333,1.65,16.495833333333334,,0.65,183.8,191.9,99.4,84.8,,9.8,21.6,80.5,140.6,4.0,6.0,172.8,221.6
2021/2022,Sydney,0.1909090909090909,0.600050881953867,0.7098596256684492,1.554545454545455,14.113636363636363,,,159.1,160.1,86.8,68.6,,,,67.8,102.0,,,,
2022/2023,Sydney,0.2,0.6227272727272727,0.8,1.7,13.477272727272728,,,206.4,193.3,,,,,,,,,,,
2023/2024,Sydney,0.21,0.79,0.905,1.58,16.23,,,,,,,,,,,,,,,
2001/2002,Western NSW,,,,,,,,,,309.5,260.5,,,,396.6,580.2,,,438.9,569.8
2002/2003,Western NSW,,,,,,,,,,257.7,228.8,,,,375.7,592.7,,,465.9,614.0
2003/2004,Western NSW,,,,,,,,,,276.2,229.8,19.75,,,422.3,563.3,,,478.0,658.9
2004/2005,Western NSW,,,,,,,,,,207.8,204.4,19.0,,,359.2,574.6,,,404.8,598.7
2005/2006,Western NSW,,,,,,,,,,278.2,229.2,17.3,,,357.7,551.9,,,457.2,554.7
2006/2007,Western NSW,,,,,,,,,,205.8,164.9,15.45,,,329.1,444.5,,,344.8,488.2
2007/2008,Western NSW,,,,,,,,,,205.6,186.7,15.1,,,359.1,478.9,,,444.3,544.3
2008/2009,Western NSW,,,,,,,,,,163.5,178.6,17.15,,,320.0,544.7,,,437.0,504.7
2009/2010,Western NSW,,,,,,,,,,159.0,159.4,20.1,,,354.3,483.9,,,408.0,553.1
2010/2011,Western NSW,,,,,,,,,,189.5,160.8,20.4,,,357.3,410.1,,,491.8,531.6
2011/2012,Western NSW,,,,,,,1.0,,,163.5,146.5,19.85,25.2,47.0,328.8,409.7,9.4,7.7,429.0,511.8
2012/2013,Western NSW,,,,,,,1.075,,,156.0,137.2,18.3,27.1,46.1,338.7,416.4,7.7,7.9,369.9,507.8
2013/2014,Western NSW,,,,,,,1.275,,,133.6,97.3,17.15,27.3,46.8,358.8,374.1,5.8,11.6,385.5,427.1
2014/2015,Western NSW,,,,,,,1.4,459.5,376.7,144.2,116.5,15.65,31.1,48.7,369.0,376.1,8.7,9.3,398.0,483.2
2015/2016,Western NSW,,,,,,,1.25,564.2,562.7,134.8,121.7,14.1,40.1,52.5,333.0,375.6,12.2,9.8,451.6,545.3
2016/2017,Western NSW,,,,,,,1.2000000000000002,728.9,646.5,144.2,137.6,12.85,46.4,57.4,345.9,380.9,14.8,15.5,490.2,599.5
2017/2018,Western NSW,,,,,,,1.25,579.0,496.8,125.3,116.2,12.4,38.8,53.5,381.7,391.3,11.5,14.1,476.2,565.2
2018/2019,Western NSW,,,,,,,1.2999999999999998,609.0,493.8,124.6,105.5,,32.0,44.4,347.4,320.3,11.9,12.9,463.4,487.4
2019/2020,Western NSW,,,,,,,1.325,586.8,443.0,157.3,101.6,,32.0,39.5,333.0,346.5,9.8,11.4,435.9,458.9
2020/2021,Western NSW,,,,,,,1.25,578.6,521.1,86.9,95.3,,31.0,37.6,269.5,274.3,4.8,8.6,289.3,338.9
2021/2022,Western NSW,,,,,,,,619.8,502.3,90.8,82.3,,,,261.5,225.6,,,,
2022/2023,Western NSW,,,,,,,,620.9,575.8,,,,,,,,,,,
2000/2001,Western Sydney,0.153030303030303,0.8607329842931938,0.9528795811518326,1.6776119402985077,,0.0776649746192893,,,,,,,,,,,,,,
2001/2002,Western Sydney,0.153030303030303,0.8607329842931938,0.9528795811518326,1.6776119402985077,,0.0776649746192893,,,,135.7,143.6,,,,199.8,308.5,,,226.2,311.1
2002/2003,Western Sydney,0.153030303030303,0.8607329842931938,0.9528795811518326,1.6776119402985077,,0.0776649746192893,,,,137.4,116.6,,,,188.3,313.7,,,213.3,299.1
2003/2004,Western Sydney,0.153030303030303,0.8607329842931938,0.9528795811518324,1.6776119402985077,,0.0776649746192893,,,,116.0,114.9,15.55,,,192.6,296.2,,,235.2,317.1
2004/2005,Western Sydney,0.153030303030303,0.8607329842931938,0.9528795811518326,1.6776119402985077,,0.0776649746192893,,,,123.0,104.4,14.3,,,173.3,296.5,,,224.3,283.7
2005/2006,Western Sydney,0.153030303030303,0.8607329842931938,0.9528795811518326,1.6776119402985077,,0.0776649746192893,,,,113.5,121.4,13.1,,,171.6,294.8,,,215.1,291.7
2006/2007,Western Sydney,0.1831439393939394,1.0281413612565449,0.9962696335078536,1.5485074626865671,,0.0860406091370558,,,,132.9,152.3,12.15,,,182.9,289.1,,,222.9,291.3
2007/2008,Western Sydney,0.134006734006734,0.9801628853984876,1.033973240255963,1.617247097844113,,0.0653694303440496,,,,152.9,142.5,10.6,,,168.7,283.9,,,223.5,311.6
2008/2009,Western Sydney,,,,,,,,,,164.6,170.7,9.2,,,203.3,277.2,,,235.2,304.6
2009/2010,Western Sydney,0.3075757575757576,1.011742707554226,1.0798055347793567,1.8539445628997868,,0.0968092820884699,,,,166.7,180.2,9.55,,,185.7,279.1,,,222.7,317.2
2010/2011,Western Sydney,0.2947811447811447,0.7289703315881327,0.983653286794648,1.6111111111111112,,0.0777777777777777,,,,134.9,154.1,11.85,,,198.4,259.2,,,238.2,305.7
2011/2012,Western Sydney,0.3166666666666666,0.8333333333333334,1.0166666666666666,1.55,,0.0666666666666666,0.8,,,164.9,166.6,14.75,16.8,26.2,195.4,258.3,8.3,11.9,255.0,348.0
2012/2013,Western Sydney,0.2230027548209366,0.8327939076630176,1.0138981437410757,1.6979647218453189,,0.0979695431472081,0.825,,,154.3,160.5,15.85,16.0,27.1,203.8,278.5,8.2,8.7,243.2,301.8
2013/2014,Western Sydney,0.1,0.8111111111111111,1.0555555555555556,1.7111111111111112,,0.1,0.825,,,180.9,180.9,14.25,16.3,30.6,199.2,268.9,9.4,8.0,262.5,330.3
2014/2015,Western Sydney,0.1,0.6900000000000001,1.0,1.84,,0.08,0.9,307.1,321.1,178.4,177.7,10.8,16.3,31.9,207.1,288.3,8.3,9.0,302.3,335.9
2015/2016,Western Sydney,0.1181818181818181,0.890909090909091,1.1,1.6727272727272726,,0.0909090909090909,1.0,305.7,312.8,186.6,161.5,7.1,18.2,30.3,218.4,260.3,8.0,8.9,297.6,344.5
2016/2017,Western Sydney,0.07,0.58,0.85,1.84,,0.07,1.025,298.5,307.5,168.3,154.4,7.2,19.0,29.3,211.8,269.6,10.4,10.6,291.9,351.9
2017/2018,Western Sydney,0.05,0.6,0.8250000000000001,1.925,,0.1,0.9,271.3,263.4,170.6,148.8,9.6,16.5,23.9,217.1,222.9,8.6,9.3,351.0,413.8
2018/2019,Western Sydney,0.0653030303030303,0.6960732984293194,0.8952879581151834,1.8077611940298504,,0.0877664974619289,0.725,279.2,257.9,184.4,150.2,,16.0,23.2,208.9,249.2,8.3,9.5,362.4,397.2
2019/2020,Western Sydney,0.1,0.8,0.875,1.625,,0.0875,0.675,244.8,203.2,161.8,117.6,,13.5,24.5,193.5,204.9,7.2,9.2,311.1,365.6
2020/2021,Western Sydney,0.075,0.7416666666666667,0.775,1.75,,0.0833333333333333,0.65,184.8,188.5,132.3,137.7,,13.8,20.7,131.7,161.5,4.0,5.7,161.9,228.0
2021/2022,Western Sydney,0.0454545454545454,0.5454545454545454,0.6636363636363636,1.6363636363636365,,0.009090909090909,,187.4,184.0,106.8,113.6,,,,118.9,127.3,,,,
2022/2023,Western Sydney,0.0502754820936639,0.7055211803902903,0.7138981437410756,1.6343283582089554,,0.0525149976926626,,220.4,209.3,,,,,,,,,,,
2023/2024,Western Sydney,0.0606060606060606,0.8360732984293193,0.9752879581151832,1.667761194029851,,0.0977664974619289,,,,,,,,,,,,,,
